"coin","ym","daily_vol","annualized_vol","monthly_vol"
"Bitcoin","201304",5.872,111.413,32.162
"Bitcoin","201305",4.268,80.98,23.377
"Bitcoin","201306",3.244,61.551,17.768
"Bitcoin","201307",5.572,105.721,30.519
"Bitcoin","201308",2.605,49.426,14.268
"Bitcoin","201309",2.994,56.807,16.399
"Bitcoin","201310",5.244,99.498,28.723
"Bitcoin","201311",9.991,189.566,54.723
"Bitcoin","201312",11.303,214.459,61.909
"Bitcoin","201401",5.177,98.227,28.356
"Bitcoin","201402",4.737,89.878,25.946
"Bitcoin","201403",5.413,102.704,29.648
"Bitcoin","201404",6.103,115.796,33.428
"Bitcoin","201405",3.106,58.932,17.012
"Bitcoin","201406",2.754,52.253,15.084
"Bitcoin","201407",1.347,25.558,7.378
"Bitcoin","201408",2.972,56.39,16.278
"Bitcoin","201409",2.988,56.693,16.366
"Bitcoin","201410",3.232,61.323,17.702
"Bitcoin","201411",3.819,72.46,20.918
"Bitcoin","201412",2.295,43.545,12.57
"Bitcoin","201501",7.372,139.874,40.378
"Bitcoin","201502",3.741,70.98,20.49
"Bitcoin","201503",3.246,61.589,17.779
"Bitcoin","201504",2.418,45.878,13.244
"Bitcoin","201505",1.377,26.127,7.542
"Bitcoin","201506",1.611,30.567,8.824
"Bitcoin","201507",2.483,47.112,13.6
"Bitcoin","201508",4.317,81.909,23.645
"Bitcoin","201509",1.287,24.419,7.049
"Bitcoin","201510",1.917,36.373,10.5
"Bitcoin","201511",4.948,93.882,27.101
"Bitcoin","201512",3.205,60.811,17.555
"Bitcoin","201601",4.259,80.809,23.328
"Bitcoin","201602",1.9,36.05,10.407
"Bitcoin","201603",1.308,24.818,7.164
"Bitcoin","201604",1.218,23.11,6.671
"Bitcoin","201605",2.515,47.719,13.775
"Bitcoin","201606",4.793,90.941,26.252
"Bitcoin","201607",2.42,45.916,13.255
"Bitcoin","201608",2.118,40.186,11.601
"Bitcoin","201609",1.135,21.535,6.217
"Bitcoin","201610",1.351,25.633,7.4
"Bitcoin","201611",1.921,36.448,10.522
"Bitcoin","201612",1.932,36.657,10.582
"Bitcoin","201701",5.047,95.76,27.644
"Bitcoin","201702",2.054,38.972,11.25
"Bitcoin","201703",4.788,90.846,26.225
"Bitcoin","201704",1.65,31.307,9.037
"Bitcoin","201705",4.177,79.253,22.878
"Bitcoin","201706",4.002,75.933,21.92
"Bitcoin","201707",6.444,122.266,35.295
"Bitcoin","201708",3.605,68.4,19.745
"Bitcoin","201709",6.5,123.329,35.602
"Bitcoin","201710",3.576,67.85,19.587
"Bitcoin","201711",4.475,84.907,24.511
"Bitcoin","201712",8.698,165.033,47.641
"Bitcoin","201801",6.379,121.033,34.939
"Bitcoin","201802",6.774,128.528,37.103
"Bitcoin","201803",4.262,80.866,23.344
"Bitcoin","201804",4.505,85.476,24.675
"Bitcoin","201805",2.772,52.595,15.183
"Bitcoin","201806",3.494,66.294,19.137
"Bitcoin","201807",3.276,62.158,17.943
"Bitcoin","201808",2.73,51.798,14.953
"Bitcoin","201809",2.252,42.729,12.335
"Bitcoin","201810",1.419,26.924,7.772
"Bitcoin","201811",4.794,90.96,26.258
"XRP","201308",17.431,330.73,95.474
"XRP","201309",9.751,185.012,53.408
"XRP","201310",9.821,186.34,53.792
"XRP","201311",19.566,371.239,107.167
"XRP","201312",12.76,242.104,69.889
"XRP","201401",4.779,90.675,26.176
"XRP","201402",4.415,83.769,24.182
"XRP","201403",5.115,97.05,28.016
"XRP","201404",6.91,131.108,37.848
"XRP","201405",11.711,222.201,64.144
"XRP","201406",3.897,73.94,21.345
"XRP","201407",8.225,156.058,45.05
"XRP","201408",3.071,58.268,16.821
"XRP","201409",4.348,82.497,23.815
"XRP","201410",2.554,48.459,13.989
"XRP","201411",8.311,157.69,45.521
"XRP","201412",6.956,131.981,38.1
"XRP","201501",5.765,109.383,31.576
"XRP","201502",3.182,60.374,17.429
"XRP","201503",5.013,95.115,27.457
"XRP","201504",3.135,59.482,17.171
"XRP","201505",5.282,100.219,28.931
"XRP","201506",3.46,65.649,18.951
"XRP","201507",2.491,47.263,13.644
"XRP","201508",2.9,55.024,15.884
"XRP","201509",4.577,86.842,25.069
"XRP","201510",3.423,64.947,18.749
"XRP","201511",3.287,62.366,18.004
"XRP","201512",7.845,148.848,42.969
"XRP","201601",4.742,89.973,25.973
"XRP","201602",2.841,53.904,15.561
"XRP","201603",2.257,42.824,12.362
"XRP","201604",3.526,66.901,19.313
"XRP","201605",1.402,26.601,7.679
"XRP","201606",4.679,88.778,25.628
"XRP","201607",2.004,38.023,10.976
"XRP","201608",2.472,46.903,13.54
"XRP","201609",7.91,150.082,43.325
"XRP","201610",3.81,72.29,20.868
"XRP","201611",2.235,42.406,12.242
"XRP","201612",1.754,33.28,9.607
"XRP","201701",2.93,55.593,16.048
"XRP","201702",1.849,35.082,10.127
"XRP","201703",14.245,270.28,78.023
"XRP","201704",34.716,658.69,190.147
"XRP","201705",15.96,302.82,87.417
"XRP","201706",5.038,95.589,27.594
"XRP","201707",7.148,135.624,39.151
"XRP","201708",7.375,139.931,40.395
"XRP","201709",5.69,107.96,31.165
"XRP","201710",5.231,99.251,28.651
"XRP","201711",5.534,105,30.311
"XRP","201712",21.895,415.428,119.924
"XRP","201801",11.617,220.417,63.629
"XRP","201802",8.128,154.218,44.519
"XRP","201803",5.304,100.636,29.051
"XRP","201804",7.112,134.941,38.954
"XRP","201805",4.449,84.414,24.368
"XRP","201806",3.856,73.162,21.12
"XRP","201807",3.051,57.889,16.711
"XRP","201808",6.799,129.002,37.24
"XRP","201809",9.975,189.262,54.635
"XRP","201810",4.891,92.8,26.789
"XRP","201811",4.89,92.781,26.784
"Ethereum","201508",22.552,427.894,123.522
"Ethereum","201509",7.344,139.343,40.225
"Ethereum","201510",10.199,193.512,55.862
"Ethereum","201511",5.875,111.47,32.179
"Ethereum","201512",3.592,68.153,19.674
"Ethereum","201601",7.476,141.847,40.948
"Ethereum","201602",11.544,219.032,63.229
"Ethereum","201603",9.355,177.499,51.239
"Ethereum","201604",6.099,115.72,33.406
"Ethereum","201605",6.196,117.561,33.937
"Ethereum","201606",8.886,168.6,48.671
"Ethereum","201607",6.381,121.071,34.95
"Ethereum","201608",5.522,104.773,30.245
"Ethereum","201609",3.128,59.35,17.133
"Ethereum","201610",2.546,48.307,13.945
"Ethereum","201611",2.665,50.565,14.597
"Ethereum","201612",4.957,94.052,27.151
"Ethereum","201701",4.998,94.83,27.375
"Ethereum","201702",3.672,69.671,20.112
"Ethereum","201703",12.042,228.481,65.957
"Ethereum","201704",6.079,115.341,33.296
"Ethereum","201705",9.614,182.413,52.658
"Ethereum","201706",7.102,134.751,38.899
"Ethereum","201707",9.273,175.943,50.79
"Ethereum","201708",3.918,74.339,21.46
"Ethereum","201709",8.055,152.833,44.119
"Ethereum","201710",2.839,53.866,15.55
"Ethereum","201711",4.744,90.011,25.984
"Ethereum","201712",7.691,145.926,42.125
"Ethereum","201801",7.748,147.008,42.438
"Ethereum","201802",6.924,131.374,37.924
"Ethereum","201803",4.326,82.08,23.694
"Ethereum","201804",5.619,106.613,30.777
"Ethereum","201805",5.04,95.627,27.605
"Ethereum","201806",4.644,88.114,25.436
"Ethereum","201807",3.429,65.061,18.781
"Ethereum","201808",4.285,81.302,23.47
"Ethereum","201809",6.363,120.729,34.852
"Ethereum","201810",3.51,66.598,19.225
"Ethereum","201811",5.637,106.955,30.875
"Stellar","201408",10.795,204.821,59.127
"Stellar","201409",7.265,137.844,39.792
"Stellar","201410",4.505,85.476,24.675
"Stellar","201411",14.007,265.764,76.719
"Stellar","201412",11.856,224.952,64.938
"Stellar","201501",6.924,131.374,37.924
"Stellar","201502",4.836,91.757,26.488
"Stellar","201503",4.73,89.745,25.907
"Stellar","201504",2.774,52.633,15.194
"Stellar","201505",5.715,108.435,31.302
"Stellar","201506",3.456,65.573,18.929
"Stellar","201507",3.221,61.114,17.642
"Stellar","201508",6.094,115.626,33.378
"Stellar","201509",2.617,49.654,14.334
"Stellar","201510",3.676,69.747,20.134
"Stellar","201511",3.875,73.523,21.224
"Stellar","201512",6.037,114.544,33.066
"Stellar","201601",5.709,108.321,31.269
"Stellar","201602",7.389,140.196,40.471
"Stellar","201603",6.017,114.165,32.956
"Stellar","201604",2.956,56.086,16.191
"Stellar","201605",1.566,29.713,8.577
"Stellar","201606",7.908,150.044,43.314
"Stellar","201607",5.367,101.832,29.396
"Stellar","201608",3.116,59.122,17.067
"Stellar","201609",6.638,125.947,36.358
"Stellar","201610",5.061,96.026,27.72
"Stellar","201611",1.775,33.678,9.722
"Stellar","201612",15.189,288.191,83.194
"Stellar","201701",5.366,101.813,29.391
"Stellar","201702",2.567,48.705,14.06
"Stellar","201703",6.082,115.398,33.312
"Stellar","201704",12.935,245.424,70.848
"Stellar","201705",29.864,566.63,163.572
"Stellar","201706",6.6,125.226,36.15
"Stellar","201707",10.33,195.998,56.58
"Stellar","201708",6.329,120.084,34.665
"Stellar","201709",10.049,190.666,55.041
"Stellar","201710",21.307,404.272,116.703
"Stellar","201711",11.545,219.051,63.235
"Stellar","201712",13.063,247.853,71.549
"Stellar","201801",14.976,284.15,82.027
"Stellar","201802",7.282,138.166,39.885
"Stellar","201803",6.287,119.287,34.435
"Stellar","201804",7.706,146.211,42.208
"Stellar","201805",5.471,103.805,29.966
"Stellar","201806",4.593,87.146,25.157
"Stellar","201807",6.01,114.032,32.918
"Stellar","201808",4.697,89.119,25.727
"Stellar","201809",5.665,107.486,31.028
"Stellar","201810",3.547,67.3,19.428
"Stellar","201811",6.346,120.407,34.758
"Bitcoin Cash","201707",7.978,151.372,43.697
"Bitcoin Cash","201708",18.853,357.711,103.262
"Bitcoin Cash","201709",9.206,174.672,50.423
"Bitcoin Cash","201710",6.046,114.715,33.115
"Bitcoin Cash","201711",15.375,291.72,84.212
"Bitcoin Cash","201712",13.218,250.794,72.398
"Bitcoin Cash","201801",9.236,175.241,50.588
"Bitcoin Cash","201802",9.89,187.65,54.17
"Bitcoin Cash","201803",5.548,105.266,30.388
"Bitcoin Cash","201804",7.182,136.269,39.337
"Bitcoin Cash","201805",6.488,123.101,35.536
"Bitcoin Cash","201806",5.728,108.681,31.374
"Bitcoin Cash","201807",4.266,80.942,23.366
"Bitcoin Cash","201808",5.015,95.153,27.468
"Bitcoin Cash","201809",5.883,111.622,32.223
"Bitcoin Cash","201810",3.356,63.676,18.382
"Bitcoin Cash","201811",9.327,176.967,51.086
"EOS","201707",33.787,641.063,185.059
"EOS","201708",4.059,77.014,22.232
"EOS","201709",11.26,213.643,61.674
"EOS","201710",6.091,115.569,33.362
"EOS","201711",10.98,208.331,60.14
"EOS","201712",13.876,263.279,76.002
"EOS","201801",13.066,247.91,71.565
"EOS","201802",8.06,152.928,44.146
"EOS","201803",8.869,168.277,48.578
"EOS","201804",11.553,219.203,63.278
"EOS","201805",6.069,115.151,33.241
"EOS","201806",7.627,144.712,41.775
"EOS","201807",4.832,91.681,26.466
"EOS","201808",6.88,130.539,37.683
"EOS","201809",5.632,106.86,30.848
"EOS","201810",3.049,57.851,16.7
"EOS","201811",4.779,90.675,26.176
"Litecoin","201304",1.3,24.666,7.12
"Litecoin","201305",5.43,103.027,29.741
"Litecoin","201306",6.432,122.039,35.23
"Litecoin","201307",4.133,78.418,22.637
"Litecoin","201308",2.641,50.109,14.465
"Litecoin","201309",2.931,55.612,16.054
"Litecoin","201310",6.633,125.852,36.33
"Litecoin","201311",30.665,581.827,167.959
"Litecoin","201312",16.511,313.274,90.434
"Litecoin","201401",6.815,129.306,37.327
"Litecoin","201402",4.446,84.357,24.352
"Litecoin","201403",7.534,142.948,41.265
"Litecoin","201404",9.228,175.089,50.544
"Litecoin","201405",2.324,44.095,12.729
"Litecoin","201406",2.087,39.598,11.431
"Litecoin","201407",3.762,71.379,20.605
"Litecoin","201408",8.282,157.14,45.362
"Litecoin","201409",3.982,75.553,21.81
"Litecoin","201410",2.511,47.643,13.753
"Litecoin","201411",2.66,50.47,14.569
"Litecoin","201412",2.861,54.284,15.67
"Litecoin","201501",10.534,199.869,57.697
"Litecoin","201502",2.532,48.041,13.868
"Litecoin","201503",2.97,56.352,16.267
"Litecoin","201504",2.589,49.123,14.181
"Litecoin","201505",4.811,91.282,26.351
"Litecoin","201506",8.753,166.076,47.942
"Litecoin","201507",12.164,230.796,66.625
"Litecoin","201508",4.267,80.961,23.371
"Litecoin","201509",3.056,57.984,16.738
"Litecoin","201510",4.484,85.078,24.56
"Litecoin","201511",5.087,96.519,27.863
"Litecoin","201512",2.969,56.333,16.262
"Litecoin","201601",3.966,75.25,21.723
"Litecoin","201602",1.642,31.155,8.994
"Litecoin","201603",1.428,27.094,7.821
"Litecoin","201604",2.561,48.592,14.027
"Litecoin","201605",2.755,52.272,15.09
"Litecoin","201606",5.212,98.891,28.547
"Litecoin","201607",2.967,56.295,16.251
"Litecoin","201608",2.012,38.175,11.02
"Litecoin","201609",1.792,34.001,9.815
"Litecoin","201610",1.315,24.95,7.203
"Litecoin","201611",1.529,29.011,8.375
"Litecoin","201612",5.202,98.701,28.493
"Litecoin","201701",4.81,91.263,26.345
"Litecoin","201702",1.214,23.034,6.649
"Litecoin","201703",12.173,230.966,66.674
"Litecoin","201704",9.333,177.081,51.119
"Litecoin","201705",11.004,208.786,60.271
"Litecoin","201706",8.536,161.959,46.754
"Litecoin","201707",6.884,130.615,37.705
"Litecoin","201708",5.363,101.756,29.374
"Litecoin","201709",9.672,183.513,52.976
"Litecoin","201710",4.368,82.877,23.925
"Litecoin","201711",5.337,101.262,29.232
"Litecoin","201712",14.424,273.676,79.004
"Litecoin","201801",7.456,141.468,40.838
"Litecoin","201802",10.081,191.274,55.216
"Litecoin","201803",4.772,90.542,26.137
"Litecoin","201804",5.677,107.714,31.094
"Litecoin","201805",4.031,76.483,22.079
"Litecoin","201806",4.413,83.731,24.171
"Litecoin","201807",3.521,66.806,19.285
"Litecoin","201808",4.403,83.541,24.116
"Litecoin","201809",4.477,84.945,24.522
"Litecoin","201810",2.874,54.53,15.742
"Litecoin","201811",5.565,105.588,30.481
"Tether","201502",0,0,0
"Tether","201503",12.276,232.921,67.238
"Tether","201504",0,0,0
"Tether","201505",0,0,0
"Tether","201506",0,0,0
"Tether","201507",0,0,0
"Tether","201508",0,0,0
"Tether","201509",0,0,0
"Tether","201510",0,0,0
"Tether","201511",0,0,0
"Tether","201512",0.005,0.095,0.027
"Tether","201601",0.001,0.019,0.005
"Tether","201602",0.004,0.076,0.022
"Tether","201603",0.004,0.076,0.022
"Tether","201604",0.004,0.076,0.022
"Tether","201605",0,0,0
"Tether","201606",0.001,0.019,0.005
"Tether","201607",0.001,0.019,0.005
"Tether","201608",0.888,16.849,4.864
"Tether","201609",0.002,0.038,0.011
"Tether","201610",0,0,0
"Tether","201611",0,0,0
"Tether","201612",0,0,0
"Tether","201701",0,0,0
"Tether","201702",0.007,0.133,0.038
"Tether","201703",0.004,0.076,0.022
"Tether","201704",0.961,18.234,5.264
"Tether","201705",1.26,23.907,6.901
"Tether","201706",1.363,25.861,7.465
"Tether","201707",0.652,12.371,3.571
"Tether","201708",0.917,17.399,5.023
"Tether","201709",1.134,21.516,6.211
"Tether","201710",0.116,2.201,0.635
"Tether","201711",0.631,11.972,3.456
"Tether","201712",1.764,33.47,9.662
"Tether","201801",1.02,19.353,5.587
"Tether","201802",0.828,15.71,4.535
"Tether","201803",0.619,11.745,3.39
"Tether","201804",0.252,4.781,1.38
"Tether","201805",0.099,1.878,0.542
"Tether","201806",0.568,10.777,3.111
"Tether","201807",0.462,8.766,2.53
"Tether","201808",0.378,7.172,2.07
"Tether","201809",0.486,9.221,2.662
"Tether","201810",0.405,7.684,2.218
"Tether","201811",0.895,16.981,4.902
"Bitcoin SV","201811",30.487,578.45,166.984
"Cardano","201710",9.244,175.393,50.631
"Cardano","201711",27.683,525.248,151.626
"Cardano","201712",23.016,436.698,126.064
"Cardano","201801",11.833,224.515,64.812
"Cardano","201802",7.148,135.624,39.151
"Cardano","201803",7.539,143.042,41.293
"Cardano","201804",9.008,170.915,49.339
"Cardano","201805",5.856,111.11,32.075
"Cardano","201806",4.996,94.792,27.364
"Cardano","201807",5.278,100.143,28.909
"Cardano","201808",5.596,106.177,30.651
"Cardano","201809",6.065,115.075,33.219
"Cardano","201810",3.574,67.812,19.576
"Cardano","201811",6.463,122.627,35.399
"Monero","201405",23.103,438.349,126.54
"Monero","201406",15.551,295.059,85.176
"Monero","201407",10.922,207.23,59.822
"Monero","201408",6.748,128.034,36.96
"Monero","201409",5.968,113.235,32.688
"Monero","201410",5.442,103.255,29.807
"Monero","201411",4.943,93.787,27.074
"Monero","201412",7.773,147.482,42.574
"Monero","201501",8.553,162.282,46.847
"Monero","201502",5.826,110.541,31.91
"Monero","201503",10.623,201.557,58.185
"Monero","201504",5.822,110.465,31.888
"Monero","201505",4.97,94.299,27.222
"Monero","201506",3.504,66.484,19.192
"Monero","201507",4.356,82.649,23.859
"Monero","201508",7.957,150.973,43.582
"Monero","201509",2.989,56.712,16.371
"Monero","201510",3.841,72.878,21.038
"Monero","201511",4.976,94.413,27.255
"Monero","201512",6.068,115.132,33.236
"Monero","201601",6.491,123.158,35.553
"Monero","201602",9.086,172.395,49.766
"Monero","201603",10.161,192.791,55.654
"Monero","201604",5.701,108.169,31.226
"Monero","201605",3.57,67.736,19.554
"Monero","201606",5.742,108.947,31.45
"Monero","201607",3.859,73.219,21.137
"Monero","201608",18.477,350.576,101.203
"Monero","201609",9.602,182.185,52.592
"Monero","201610",5.637,106.955,30.875
"Monero","201611",6.673,126.611,36.55
"Monero","201612",5.686,107.884,31.144
"Monero","201701",6.867,130.292,37.612
"Monero","201702",3.058,58.021,16.749
"Monero","201703",7.311,138.716,40.044
"Monero","201704",3.763,71.398,20.611
"Monero","201705",12.204,231.555,66.844
"Monero","201706",6.813,129.268,37.316
"Monero","201707",8.033,152.415,43.999
"Monero","201708",11.211,212.714,61.405
"Monero","201709",8.119,154.047,44.47
"Monero","201710",2.962,56.2,16.224
"Monero","201711",8.017,152.112,43.911
"Monero","201712",10.011,189.945,54.833
"Monero","201801",8.42,159.758,46.118
"Monero","201802",9.287,176.208,50.867
"Monero","201803",6.593,125.093,36.111
"Monero","201804",6.661,126.384,36.484
"Monero","201805",4.061,77.052,22.243
"Monero","201806",5.556,105.418,30.431
"Monero","201807",4.624,87.734,25.327
"Monero","201808",5.54,105.114,30.344
"Monero","201809",5.35,101.509,29.303
"Monero","201810",2.71,51.419,14.843
"Monero","201811",6.105,115.834,33.438
"TRON","201709",28.624,543.102,156.78
"TRON","201710",14.201,269.445,77.782
"TRON","201711",8.054,152.814,44.114
"TRON","201712",30.145,571.961,165.111
"TRON","201801",27.398,519.84,150.065
"TRON","201802",11.16,211.746,61.126
"TRON","201803",9.132,173.268,50.018
"TRON","201804",9.265,175.791,50.746
"TRON","201805",5.94,112.704,32.535
"TRON","201806",5.703,108.207,31.237
"TRON","201807",4.699,89.157,25.737
"TRON","201808",6.72,127.503,36.807
"TRON","201809",5.774,109.554,31.626
"TRON","201810",4.892,92.819,26.795
"TRON","201811",6.98,132.436,38.231
"IOTA","201706",10.632,201.728,58.234
"IOTA","201707",14.012,265.859,76.747
"IOTA","201708",8.868,168.258,48.572
"IOTA","201709",11.123,211.044,60.923
"IOTA","201710",5.775,109.573,31.631
"IOTA","201711",12.911,244.969,70.716
"IOTA","201712",15.808,299.936,86.584
"IOTA","201801",7.606,144.314,41.66
"IOTA","201802",8.176,155.129,44.782
"IOTA","201803",5.445,103.312,29.823
"IOTA","201804",8.257,156.666,45.225
"IOTA","201805",7.554,143.327,41.375
"IOTA","201806",5.965,113.178,32.672
"IOTA","201807",4.708,89.328,25.787
"IOTA","201808",9.361,177.612,51.272
"IOTA","201809",5.307,100.693,29.068
"IOTA","201810",3.928,74.529,21.515
"IOTA","201811",6.094,115.626,33.378
"Dash","201402",69.698,1322.427,381.752
"Dash","201403",8.591,163.003,47.055
"Dash","201404",15.041,285.383,82.383
"Dash","201405",20.089,381.162,110.032
"Dash","201406",8.068,153.08,44.19
"Dash","201407",7.61,144.39,41.682
"Dash","201408",23.792,451.421,130.314
"Dash","201409",7.182,136.269,39.337
"Dash","201410",7.126,135.206,39.031
"Dash","201411",8.013,152.036,43.889
"Dash","201412",3.936,74.68,21.558
"Dash","201501",7.738,146.818,42.383
"Dash","201502",9.086,172.395,49.766
"Dash","201503",7.332,139.115,40.159
"Dash","201504",6.448,122.342,35.317
"Dash","201505",2.788,52.899,15.271
"Dash","201506",2.498,47.396,13.682
"Dash","201507",6.311,119.743,34.567
"Dash","201508",3.409,64.681,18.672
"Dash","201509",2.454,46.561,13.441
"Dash","201510",4.336,82.27,23.749
"Dash","201511",4.152,78.779,22.741
"Dash","201512",5.076,96.31,27.802
"Dash","201601",9.118,173.002,49.941
"Dash","201602",5.795,109.952,31.741
"Dash","201603",5.806,110.161,31.801
"Dash","201604",2.621,49.73,14.356
"Dash","201605",2.278,43.222,12.477
"Dash","201606",3.009,57.092,16.481
"Dash","201607",2.646,50.204,14.493
"Dash","201608",5.488,104.127,30.059
"Dash","201609",2.986,56.655,16.355
"Dash","201610",3.472,65.877,19.017
"Dash","201611",2.454,46.561,13.441
"Dash","201612",3.088,58.591,16.914
"Dash","201701",7.802,148.033,42.733
"Dash","201702",4.809,91.244,26.34
"Dash","201703",10.964,208.027,60.052
"Dash","201704",7.053,133.821,38.631
"Dash","201705",7.607,144.333,41.665
"Dash","201706",6.758,128.224,37.015
"Dash","201707",7.631,144.788,41.797
"Dash","201708",7.806,148.108,42.755
"Dash","201709",7.183,136.288,39.343
"Dash","201710",2.667,50.603,14.608
"Dash","201711",11.84,224.648,64.85
"Dash","201712",9.352,177.442,51.223
"Dash","201801",7.681,145.737,42.071
"Dash","201802",8.188,155.356,44.848
"Dash","201803",4.889,92.762,26.778
"Dash","201804",6.73,127.693,36.862
"Dash","201805",4.203,79.746,23.021
"Dash","201806",3.902,74.035,21.372
"Dash","201807",3.555,67.451,19.472
"Dash","201808",7.738,146.818,42.383
"Dash","201809",4.828,91.605,26.444
"Dash","201810",2.816,53.43,15.424
"Dash","201811",5.557,105.437,30.437
"NEM","201504",11.825,224.364,64.768
"NEM","201505",3.803,72.157,20.83
"NEM","201506",4.915,93.256,26.921
"NEM","201507",6.749,128.053,36.966
"NEM","201508",6.261,118.794,34.293
"NEM","201509",8.237,156.286,45.116
"NEM","201510",7.529,142.853,41.238
"NEM","201511",9.829,186.492,53.836
"NEM","201512",14.622,277.433,80.088
"NEM","201601",12.85,243.812,70.382
"NEM","201602",7.787,147.748,42.651
"NEM","201603",14.528,275.649,79.573
"NEM","201604",4.511,85.59,24.708
"NEM","201605",3.998,75.857,21.898
"NEM","201606",20.154,382.395,110.388
"NEM","201607",6.27,118.965,34.342
"NEM","201608",6.232,118.244,34.134
"NEM","201609",4.204,79.765,23.026
"NEM","201610",6.594,125.112,36.117
"NEM","201611",4.837,91.776,26.493
"NEM","201612",3.664,69.52,20.069
"NEM","201701",5.502,104.393,30.136
"NEM","201702",6.458,122.532,35.372
"NEM","201703",9.97,189.167,54.608
"NEM","201704",9.82,186.321,53.786
"NEM","201705",17.429,330.692,95.463
"NEM","201706",5.031,95.457,27.556
"NEM","201707",11.031,209.299,60.419
"NEM","201708",6.118,116.081,33.51
"NEM","201709",9.978,189.319,54.652
"NEM","201710",3.784,71.796,20.726
"NEM","201711",5.651,107.22,30.952
"NEM","201712",32.578,618.124,178.437
"NEM","201801",14.144,268.364,77.47
"NEM","201802",8.944,169.7,48.988
"NEM","201803",8.042,152.586,44.048
"NEM","201804",7.131,135.301,39.058
"NEM","201805",4.902,93.009,26.849
"NEM","201806",5.023,95.305,27.512
"NEM","201807",5.296,100.485,29.007
"NEM","201808",4.819,91.434,26.395
"NEM","201809",5.221,99.062,28.597
"NEM","201810",3.229,61.266,17.686
"NEM","201811",6.193,117.504,33.92
"Binance Coin","201707",2.473,46.922,13.545
"Binance Coin","201708",23.737,450.378,130.013
"Binance Coin","201709",15.584,295.686,85.357
"Binance Coin","201710",8.604,163.249,47.126
"Binance Coin","201711",7.77,147.425,42.558
"Binance Coin","201712",12.034,228.329,65.913
"Binance Coin","201801",17.167,325.721,94.028
"Binance Coin","201802",9.124,173.116,49.974
"Binance Coin","201803",7.8,147.995,42.722
"Binance Coin","201804",5.915,112.229,32.398
"Binance Coin","201805",5.93,112.514,32.48
"Binance Coin","201806",5.08,96.386,27.824
"Binance Coin","201807",3.921,74.396,21.476
"Binance Coin","201808",5.179,98.265,28.367
"Binance Coin","201809",3.152,59.805,17.264
"Binance Coin","201810",2.86,54.265,15.665
"Binance Coin","201811",5.292,100.409,28.985
"NEO","201609",9.6,182.147,52.581
"NEO","201610",18.879,358.204,103.405
"NEO","201611",4.984,94.565,27.298
"NEO","201612",8.941,169.644,48.972
"NEO","201701",5.687,107.903,31.149
"NEO","201702",3.533,67.034,19.351
"NEO","201703",6.724,127.579,36.829
"NEO","201704",8.014,152.055,43.894
"NEO","201705",22.665,430.038,124.141
"NEO","201706",28.516,541.053,156.189
"NEO","201707",9.604,182.223,52.603
"NEO","201708",16.366,310.523,89.64
"NEO","201709",14.975,284.131,82.021
"NEO","201710",5.474,103.862,29.982
"NEO","201711",10.084,191.33,55.232
"NEO","201712",10.455,198.37,57.264
"NEO","201801",10.531,199.812,57.681
"NEO","201802",9.67,183.475,52.965
"NEO","201803",5.429,103.008,29.736
"NEO","201804",7.736,146.78,42.372
"NEO","201805",4.665,88.512,25.551
"NEO","201806",4.723,89.613,25.869
"NEO","201807",5.8,110.047,31.768
"NEO","201808",8.098,153.649,44.355
"NEO","201809",5.296,100.485,29.007
"NEO","201810",3.086,58.553,16.903
"NEO","201811",6.571,124.676,35.991
"Ethereum Classic","201607",118.773,2253.559,650.547
"Ethereum Classic","201608",7.339,139.248,40.197
"Ethereum Classic","201609",2.809,53.297,15.386
"Ethereum Classic","201610",4.917,93.294,26.932
"Ethereum Classic","201611",3.857,73.181,21.126
"Ethereum Classic","201612",7.493,142.17,41.041
"Ethereum Classic","201701",6.18,117.257,33.849
"Ethereum Classic","201702",3.103,58.875,16.996
"Ethereum Classic","201703",8.715,165.355,47.734
"Ethereum Classic","201704",6.406,121.545,35.087
"Ethereum Classic","201705",13.966,264.986,76.495
"Ethereum Classic","201706",7.101,134.732,38.894
"Ethereum Classic","201707",8.35,158.43,45.735
"Ethereum Classic","201708",2.893,54.891,15.846
"Ethereum Classic","201709",10.138,192.355,55.528
"Ethereum Classic","201710",2.248,42.653,12.313
"Ethereum Classic","201711",12.342,234.173,67.6
"Ethereum Classic","201712",7.843,148.81,42.958
"Ethereum Classic","201801",9.538,180.971,52.242
"Ethereum Classic","201802",10.883,206.49,59.609
"Ethereum Classic","201803",6.103,115.796,33.428
"Ethereum Classic","201804",6.38,121.052,34.945
"Ethereum Classic","201805",4.879,92.573,26.723
"Ethereum Classic","201806",6.566,124.581,35.963
"Ethereum Classic","201807",3.636,68.988,19.915
"Ethereum Classic","201808",5.572,105.721,30.519
"Ethereum Classic","201809",4.192,79.538,22.961
"Ethereum Classic","201810",3.208,60.868,17.571
"Ethereum Classic","201811",5.65,107.201,30.946
"Zcash","201610",131.208,2489.497,718.656
"Zcash","201611",16.573,314.451,90.774
"Zcash","201612",8.234,156.229,45.099
"Zcash","201701",4.748,90.087,26.006
"Zcash","201702",5.757,109.231,31.532
"Zcash","201703",8.979,170.365,49.18
"Zcash","201704",4.654,88.303,25.491
"Zcash","201705",13.724,260.395,75.169
"Zcash","201706",6.288,119.306,34.441
"Zcash","201707",8.073,153.174,44.218
"Zcash","201708",6.916,131.222,37.88
"Zcash","201709",9.46,179.491,51.815
"Zcash","201710",3.673,69.69,20.118
"Zcash","201711",6.239,118.377,34.172
"Zcash","201712",9.584,181.844,52.494
"Zcash","201801",9.711,184.253,53.189
"Zcash","201802",8.602,163.211,47.115
"Zcash","201803",5.166,98.018,28.295
"Zcash","201804",6.341,120.312,34.731
"Zcash","201805",7.413,140.652,40.603
"Zcash","201806",4.785,90.789,26.209
"Zcash","201807",5.229,99.213,28.64
"Zcash","201808",5.464,103.672,29.928
"Zcash","201809",4.572,86.748,25.042
"Zcash","201810",3.145,59.672,17.226
"Zcash","201811",6.582,124.885,36.051
"Bitcoin Gold","201710",26.562,503.979,145.486
"Bitcoin Gold","201711",27.532,522.383,150.799
"Bitcoin Gold","201712",9.958,188.94,54.542
"Bitcoin Gold","201801",12.753,241.971,69.851
"Bitcoin Gold","201802",14.45,274.169,79.146
"Bitcoin Gold","201803",5.363,101.756,29.374
"Bitcoin Gold","201804",7.639,144.94,41.841
"Bitcoin Gold","201805",5.275,100.086,28.892
"Bitcoin Gold","201806",5.759,109.269,31.543
"Bitcoin Gold","201807",5.763,109.345,31.565
"Bitcoin Gold","201808",5.475,103.881,29.988
"Bitcoin Gold","201809",4.163,78.987,22.802
"Bitcoin Gold","201810",3.377,64.074,18.497
"Bitcoin Gold","201811",5.814,110.313,31.845
"Tezos","201710",5.379,102.059,29.462
"Tezos","201711",8.405,159.474,46.036
"Tezos","201712",18.409,349.286,100.83
"Tezos","201801",10.909,206.984,59.751
"Tezos","201802",10.891,206.642,59.652
"Tezos","201803",7.423,140.842,40.657
"Tezos","201804",6.778,128.604,37.125
"Tezos","201805",6.413,121.678,35.125
"Tezos","201806",7.144,135.548,39.129
"Tezos","201807",11.821,224.288,64.746
"Tezos","201808",4.952,93.958,27.123
"Tezos","201809",6.389,121.223,34.994
"Tezos","201810",3.939,74.737,21.575
"Tezos","201811",5.649,107.182,30.941
"Maker","201701",4.075,77.318,22.32
"Maker","201708",6.379,121.033,34.939
"Maker","201709",6.597,125.169,36.133
"Maker","201711",10.077,191.198,55.194
"Maker","201712",13.355,253.393,73.148
"Maker","201801",13.594,257.928,74.457
"Maker","201802",7.714,146.363,42.251
"Maker","201803",4.015,76.179,21.991
"Maker","201804",5.674,107.657,31.078
"Maker","201805",4.866,92.326,26.652
"Maker","201806",4.197,79.632,22.988
"Maker","201807",3.584,68.002,19.63
"Maker","201808",4.132,78.399,22.632
"Maker","201809",6.918,131.26,37.891
"Maker","201810",5.707,108.283,31.259
"Maker","201811",8.064,153.004,44.168
"VeChain","201808",14.148,268.439,77.492
"VeChain","201809",4.916,93.275,26.926
"VeChain","201810",3.615,68.59,19.8
"VeChain","201811",7.248,137.521,39.699
"Dogecoin","201312",60.551,1148.874,331.651
"Dogecoin","201401",23.262,441.365,127.411
"Dogecoin","201402",10.485,198.939,57.429
"Dogecoin","201403",8.941,169.644,48.972
"Dogecoin","201404",11.59,219.905,63.481
"Dogecoin","201405",3.36,63.752,18.403
"Dogecoin","201406",4.651,88.247,25.475
"Dogecoin","201407",5.894,111.831,32.283
"Dogecoin","201408",8.676,164.616,47.52
"Dogecoin","201409",11.768,223.282,64.456
"Dogecoin","201410",4.751,90.144,26.022
"Dogecoin","201411",4.479,84.983,24.532
"Dogecoin","201412",3.501,66.427,19.176
"Dogecoin","201501",6.693,126.991,36.659
"Dogecoin","201502",2.558,48.535,14.011
"Dogecoin","201503",2.557,48.516,14.005
"Dogecoin","201504",2.742,52.026,15.019
"Dogecoin","201505",6.354,120.559,34.802
"Dogecoin","201506",5.947,112.836,32.573
"Dogecoin","201507",3.461,65.668,18.957
"Dogecoin","201508",3.495,66.313,19.143
"Dogecoin","201509",1.821,34.551,9.974
"Dogecoin","201510",3.495,66.313,19.143
"Dogecoin","201511",3.289,62.404,18.015
"Dogecoin","201512",3.725,70.677,20.403
"Dogecoin","201601",15.702,297.925,86.003
"Dogecoin","201602",3.361,63.77,18.409
"Dogecoin","201603",4.746,90.049,25.995
"Dogecoin","201604",2.126,40.338,11.645
"Dogecoin","201605",1.61,30.548,8.818
"Dogecoin","201606",4.725,89.651,25.88
"Dogecoin","201607",2.339,44.379,12.811
"Dogecoin","201608",4.501,85.4,24.653
"Dogecoin","201609",2.343,44.455,12.833
"Dogecoin","201610",1.553,29.466,8.506
"Dogecoin","201611",2.093,39.712,11.464
"Dogecoin","201612",1.786,33.887,9.782
"Dogecoin","201701",2.626,49.825,14.383
"Dogecoin","201702",2.28,43.26,12.488
"Dogecoin","201703",5.319,100.921,29.133
"Dogecoin","201704",10.282,195.087,56.317
"Dogecoin","201705",16.496,312.99,90.352
"Dogecoin","201706",6.638,125.947,36.358
"Dogecoin","201707",8.769,166.38,48.03
"Dogecoin","201708",4.267,80.961,23.371
"Dogecoin","201709",12.083,229.259,66.181
"Dogecoin","201710",4.287,81.34,23.481
"Dogecoin","201711",9.727,184.557,53.277
"Dogecoin","201712",13.56,257.283,74.271
"Dogecoin","201801",11.814,224.155,64.708
"Dogecoin","201802",9.656,183.21,52.888
"Dogecoin","201803",5.325,101.035,29.166
"Dogecoin","201804",6.345,120.388,34.753
"Dogecoin","201805",4.84,91.833,26.51
"Dogecoin","201806",4.2,79.689,23.004
"Dogecoin","201807",6.603,125.283,36.166
"Dogecoin","201808",10.575,200.647,57.922
"Dogecoin","201809",6.343,120.35,34.742
"Dogecoin","201810",3.717,70.525,20.359
"Dogecoin","201811",4.373,82.972,23.952
"Ontology","201803",13.721,260.338,75.153
"Ontology","201804",12.15,230.53,66.548
"Ontology","201805",7.498,142.265,41.068
"Ontology","201806",7.413,140.652,40.603
"Ontology","201807",4.773,90.561,26.143
"Ontology","201808",14.775,280.336,80.926
"Ontology","201809",6.902,130.956,37.804
"Ontology","201810",3.63,68.874,19.882
"Ontology","201811",5.762,109.326,31.56
"0x","201708",20.313,385.412,111.259
"0x","201709",11.056,209.773,60.556
"0x","201710",4.984,94.565,27.298
"0x","201711",7.028,133.347,38.494
"0x","201712",11.139,211.348,61.011
"0x","201801",13.067,247.929,71.571
"0x","201802",12.388,235.046,67.852
"0x","201803",7.341,139.286,40.208
"0x","201804",8.431,159.967,46.178
"0x","201805",9.032,171.37,49.47
"0x","201806",7.83,148.564,42.887
"0x","201807",8.417,159.701,46.102
"0x","201808",6.57,124.657,35.985
"0x","201809",6.262,118.813,34.298
"0x","201810",5.234,99.308,28.668
"0x","201811",7.001,132.835,38.346
"OmiseGO","201707",25.478,483.411,139.549
"OmiseGO","201708",19.155,363.441,104.916
"OmiseGO","201709",10.806,205.029,59.187
"OmiseGO","201710",5.166,98.018,28.295
"OmiseGO","201711",7.932,150.499,43.445
"OmiseGO","201712",9.94,188.598,54.444
"OmiseGO","201801",9.084,172.357,49.755
"OmiseGO","201802",9.913,188.086,54.296
"OmiseGO","201803",6.119,116.1,33.515
"OmiseGO","201804",8.044,152.624,44.059
"OmiseGO","201805",4.601,87.298,25.201
"OmiseGO","201806",4.934,93.616,27.025
"OmiseGO","201807",4.288,81.359,23.486
"OmiseGO","201808",6.793,128.888,37.207
"OmiseGO","201809",6.296,119.458,34.485
"OmiseGO","201810",3.391,64.34,18.573
"OmiseGO","201811",6.925,131.393,37.93
"Basic Attention Token","201706",16.428,311.699,89.98
"Basic Attention Token","201707",11.275,213.928,61.756
"Basic Attention Token","201708",8.995,170.668,49.268
"Basic Attention Token","201709",10.301,195.448,56.421
"Basic Attention Token","201710",5.658,107.353,30.99
"Basic Attention Token","201711",8.682,164.729,47.553
"Basic Attention Token","201712",10.702,203.056,58.617
"Basic Attention Token","201801",12.812,243.091,70.174
"Basic Attention Token","201802",9.803,185.999,53.693
"Basic Attention Token","201803",5.898,111.907,32.305
"Basic Attention Token","201804",7.597,144.143,41.61
"Basic Attention Token","201805",5.51,104.545,30.18
"Basic Attention Token","201806",8.272,156.95,45.308
"Basic Attention Token","201807",7.199,136.591,39.431
"Basic Attention Token","201808",7.23,137.18,39.6
"Basic Attention Token","201809",6.307,119.667,34.545
"Basic Attention Token","201810",5.813,110.294,31.839
"Basic Attention Token","201811",8.481,160.916,46.452
"TrueUSD","201803",0.983,18.651,5.384
"TrueUSD","201804",0.82,15.558,4.491
"TrueUSD","201805",2.196,41.666,12.028
"TrueUSD","201806",0.546,10.36,2.991
"TrueUSD","201807",0.865,16.412,4.738
"TrueUSD","201808",0.453,8.595,2.481
"TrueUSD","201809",0.7,13.282,3.834
"TrueUSD","201810",0.632,11.991,3.462
"TrueUSD","201811",0.765,14.515,4.19
"Qtum","201705",10.99,208.521,60.195
"Qtum","201706",16.801,318.777,92.023
"Qtum","201707",11.795,223.794,64.604
"Qtum","201708",10.294,195.315,56.383
"Qtum","201709",13.1,248.555,71.752
"Qtum","201710",4.413,83.731,24.171
"Qtum","201711",5.307,100.693,29.068
"Qtum","201712",18.342,348.015,100.463
"Qtum","201801",15.517,294.414,84.99
"Qtum","201802",10.045,190.59,55.019
"Qtum","201803",10.701,203.037,58.612
"Qtum","201804",6.796,128.945,37.223
"Qtum","201805",4.842,91.87,26.521
"Qtum","201806",4.753,90.182,26.033
"Qtum","201807",3.803,72.157,20.83
"Qtum","201808",5.874,111.451,32.173
"Qtum","201809",6.009,114.013,32.913
"Qtum","201810",4.133,78.418,22.637
"Qtum","201811",5.47,103.786,29.96
"USD Coin","201810",0.509,9.658,2.788
"USD Coin","201811",0.853,16.185,4.672
"Decred","201602",12.605,239.163,69.04
"Decred","201603",6.495,123.234,35.575
"Decred","201604",6.179,117.238,33.844
"Decred","201605",10.818,205.257,59.253
"Decred","201606",7.652,145.186,41.912
"Decred","201607",4.863,92.269,26.636
"Decred","201608",3.582,67.964,19.619
"Decred","201609",3.302,62.651,18.086
"Decred","201610",4.308,81.739,23.596
"Decred","201611",5.13,97.335,28.098
"Decred","201612",4.992,94.717,27.342
"Decred","201701",17.441,330.92,95.528
"Decred","201702",9.92,188.219,54.334
"Decred","201703",18.375,348.641,100.644
"Decred","201704",7.928,150.423,43.423
"Decred","201705",10.174,193.038,55.725
"Decred","201706",11.526,218.69,63.131
"Decred","201707",12.579,238.67,68.898
"Decred","201708",9.075,172.186,49.706
"Decred","201709",8.617,163.496,47.197
"Decred","201710",7.73,146.666,42.339
"Decred","201711",8.181,155.224,44.809
"Decred","201712",8.919,169.226,48.851
"Decred","201801",8.764,166.285,48.002
"Decred","201802",9.671,183.494,52.97
"Decred","201803",5.523,104.792,30.251
"Decred","201804",6.297,119.477,34.49
"Decred","201805",5.053,95.874,27.676
"Decred","201806",6.676,126.668,36.566
"Decred","201807",4.322,82.004,23.673
"Decred","201808",5.209,98.834,28.531
"Decred","201809",3.913,74.244,21.432
"Decred","201810",7.692,145.945,42.131
"Decred","201811",6.532,123.936,35.777
"Lisk","201604",42.798,812.035,234.414
"Lisk","201605",52.272,991.791,286.306
"Lisk","201606",8.45,160.327,46.283
"Lisk","201607",3.891,73.827,21.312
"Lisk","201608",7.344,139.343,40.225
"Lisk","201609",2.867,54.398,15.703
"Lisk","201610",4.996,94.792,27.364
"Lisk","201611",4.638,88,25.403
"Lisk","201612",4.612,87.507,25.261
"Lisk","201701",4.657,88.36,25.507
"Lisk","201702",3.387,64.264,18.551
"Lisk","201703",9.584,181.844,52.494
"Lisk","201704",6.672,126.592,36.544
"Lisk","201705",13.576,257.586,74.359
"Lisk","201706",11.546,219.07,63.24
"Lisk","201707",10.64,201.88,58.278
"Lisk","201708",12.666,240.32,69.375
"Lisk","201709",11.104,210.684,60.819
"Lisk","201710",5.11,96.955,27.989
"Lisk","201711",8.558,162.377,46.874
"Lisk","201712",11.888,225.559,65.113
"Lisk","201801",10.127,192.146,55.468
"Lisk","201802",11.33,214.972,62.057
"Lisk","201803",6.267,118.908,34.326
"Lisk","201804",8.419,159.739,46.113
"Lisk","201805",5.072,96.234,27.78
"Lisk","201806",5.835,110.711,31.96
"Lisk","201807",4.176,79.234,22.873
"Lisk","201808",7.54,143.061,41.298
"Lisk","201809",4.411,83.693,24.16
"Lisk","201810",3.099,58.799,16.974
"Lisk","201811",6.559,124.448,35.925
"Paxos Standard Token","201809",0.143,2.713,0.783
"Paxos Standard Token","201810",0.445,8.443,2.437
"Paxos Standard Token","201811",0.682,12.94,3.735
"Bitcoin Diamond","201711",21.379,405.638,117.098
"Bitcoin Diamond","201712",16.601,314.982,90.927
"Bitcoin Diamond","201801",21.044,399.282,115.263
"Bitcoin Diamond","201802",69.846,1325.235,382.562
"Bitcoin Diamond","201803",9.044,171.598,49.536
"Bitcoin Diamond","201804",10.789,204.707,59.094
"Bitcoin Diamond","201805",6.533,123.955,35.783
"Bitcoin Diamond","201806",5.457,103.539,29.889
"Bitcoin Diamond","201807",22.737,431.404,124.536
"Bitcoin Diamond","201808",9.536,180.933,52.231
"Bitcoin Diamond","201809",23.148,439.202,126.787
"Bitcoin Diamond","201810",4.63,87.848,25.36
"Bitcoin Diamond","201811",6.468,122.722,35.427
"Bytecoin","201406",12.995,246.563,71.177
"Bytecoin","201407",17.323,328.681,94.882
"Bytecoin","201408",15.781,299.423,86.436
"Bytecoin","201409",7.179,136.212,39.321
"Bytecoin","201410",6.058,114.942,33.181
"Bytecoin","201411",7.233,137.237,39.617
"Bytecoin","201412",8.376,158.923,45.877
"Bytecoin","201501",13.079,248.157,71.637
"Bytecoin","201502",9.349,177.385,51.207
"Bytecoin","201503",8.602,163.211,47.115
"Bytecoin","201504",12.159,230.701,66.598
"Bytecoin","201505",10.702,203.056,58.617
"Bytecoin","201506",5.664,107.467,31.023
"Bytecoin","201507",7.086,134.447,38.812
"Bytecoin","201508",5.586,105.987,30.596
"Bytecoin","201509",6.621,125.625,36.265
"Bytecoin","201510",3.456,65.573,18.929
"Bytecoin","201511",6.685,126.839,36.615
"Bytecoin","201512",6.638,125.947,36.358
"Bytecoin","201601",6.421,121.83,35.169
"Bytecoin","201602",6.571,124.676,35.991
"Bytecoin","201603",13.733,260.565,75.219
"Bytecoin","201604",9.28,176.076,50.829
"Bytecoin","201605",8.474,160.783,46.414
"Bytecoin","201606",11.262,213.681,61.685
"Bytecoin","201607",10.931,207.401,59.872
"Bytecoin","201608",8.217,155.907,45.006
"Bytecoin","201609",5.724,108.605,31.352
"Bytecoin","201610",5.614,106.518,30.749
"Bytecoin","201611",10.277,194.992,56.289
"Bytecoin","201612",10.411,197.535,57.023
"Bytecoin","201701",6.277,119.098,34.381
"Bytecoin","201702",5.79,109.858,31.713
"Bytecoin","201703",72.657,1378.57,397.959
"Bytecoin","201704",12.742,241.762,69.791
"Bytecoin","201705",37.088,703.695,203.139
"Bytecoin","201706",20.394,386.949,111.703
"Bytecoin","201707",15.2,288.4,83.254
"Bytecoin","201708",10.49,199.034,57.456
"Bytecoin","201709",9.196,174.482,50.369
"Bytecoin","201710",4.084,77.488,22.369
"Bytecoin","201711",7.569,143.612,41.457
"Bytecoin","201712",11.342,215.199,62.123
"Bytecoin","201801",21.841,414.404,119.628
"Bytecoin","201802",10.043,190.553,55.008
"Bytecoin","201803",5.641,107.03,30.897
"Bytecoin","201804",8.894,168.752,48.714
"Bytecoin","201805",65.564,1243.989,359.109
"Bytecoin","201806",7.232,137.218,39.611
"Bytecoin","201807",6.701,127.143,36.703
"Bytecoin","201808",7.548,143.213,41.342
"Bytecoin","201809",5.195,98.568,28.454
"Bytecoin","201810",5.161,97.923,28.268
"Bytecoin","201811",4.755,90.22,26.044
"DigiByte","201402",11.483,217.875,62.895
"DigiByte","201403",18.995,360.405,104.04
"DigiByte","201404",20.73,393.324,113.543
"DigiByte","201405",11.393,216.167,62.402
"DigiByte","201406",14.344,272.158,78.565
"DigiByte","201407",6.221,118.035,34.074
"DigiByte","201408",6.241,118.415,34.183
"DigiByte","201409",11.651,221.062,63.815
"DigiByte","201410",7.765,147.331,42.531
"DigiByte","201411",11.247,213.397,61.602
"DigiByte","201412",6.221,118.035,34.074
"DigiByte","201501",13.406,254.361,73.428
"DigiByte","201502",15.582,295.648,85.346
"DigiByte","201503",7.064,134.03,38.691
"DigiByte","201504",6.653,126.232,36.44
"DigiByte","201505",3.024,57.376,16.563
"DigiByte","201506",3.675,69.728,20.129
"DigiByte","201507",5.972,113.311,32.71
"DigiByte","201508",6.914,131.184,37.87
"DigiByte","201509",9.001,170.782,49.301
"DigiByte","201510",33.319,632.184,182.496
"DigiByte","201511",7.434,141.05,40.718
"DigiByte","201512",6.03,114.411,33.028
"DigiByte","201601",11.437,217.002,62.643
"DigiByte","201602",18.17,344.752,99.521
"DigiByte","201603",17.8,337.731,97.495
"DigiByte","201604",6.486,123.063,35.525
"DigiByte","201605",4.448,84.395,24.363
"DigiByte","201606",8.11,153.876,44.42
"DigiByte","201607",4.4,83.484,24.1
"DigiByte","201608",8.764,166.285,48.002
"DigiByte","201609",3.982,75.553,21.81
"DigiByte","201610",4.817,91.396,26.384
"DigiByte","201611",2.945,55.877,16.13
"DigiByte","201612",5.622,106.67,30.793
"DigiByte","201701",7.373,139.893,40.384
"DigiByte","201702",4.093,77.659,22.418
"DigiByte","201703",7.52,142.682,41.189
"DigiByte","201704",11.098,210.57,60.786
"DigiByte","201705",43.934,833.589,240.636
"DigiByte","201706",18.015,341.811,98.672
"DigiByte","201707",13.543,256.96,74.178
"DigiByte","201708",10.932,207.42,59.877
"DigiByte","201709",10.57,200.552,57.894
"DigiByte","201710",6.049,114.772,33.132
"DigiByte","201711",8.136,154.37,44.563
"DigiByte","201712",19.511,370.195,106.866
"DigiByte","201801",11.463,217.495,62.785
"DigiByte","201802",11.234,213.15,61.531
"DigiByte","201803",6.269,118.946,34.337
"DigiByte","201804",8.091,153.516,44.316
"DigiByte","201805",6.726,127.617,36.84
"DigiByte","201806",7.283,138.185,39.891
"DigiByte","201807",6.668,126.516,36.522
"DigiByte","201808",5.987,113.595,32.792
"DigiByte","201809",5.753,109.156,31.51
"DigiByte","201810",2.986,56.655,16.355
"DigiByte","201811",6.917,131.241,37.886
"Zilliqa","201801",8.042,152.586,44.048
"Zilliqa","201802",9.608,182.299,52.625
"Zilliqa","201803",7.758,147.198,42.492
"Zilliqa","201804",10.39,197.136,56.908
"Zilliqa","201805",9.663,183.343,52.926
"Zilliqa","201806",7.024,133.271,38.472
"Zilliqa","201807",5.667,107.524,31.039
"Zilliqa","201808",11.123,211.044,60.923
"Zilliqa","201809",4.886,92.705,26.762
"Zilliqa","201810",3.861,73.257,21.148
"Zilliqa","201811",8.457,160.46,46.321
"Nano","201703",16.951,321.623,92.844
"Nano","201704",12.255,232.522,67.123
"Nano","201705",14.711,279.122,80.575
"Nano","201706",24.13,457.835,132.165
"Nano","201707",12.116,229.885,66.362
"Nano","201708",20.552,389.947,112.568
"Nano","201709",9.327,176.967,51.086
"Nano","201710",10.754,204.043,58.902
"Nano","201711",10.966,208.065,60.063
"Nano","201712",21.246,403.115,116.369
"Nano","201801",15.127,287.015,82.854
"Nano","201802",14.811,281.019,81.123
"Nano","201803",7.827,148.507,42.87
"Nano","201804",7.301,138.527,39.989
"Nano","201805",6.836,129.704,37.442
"Nano","201806",6.891,130.748,37.744
"Nano","201807",6.505,123.424,35.629
"Nano","201808",12.302,233.414,67.381
"Nano","201809",8.016,152.093,43.905
"Nano","201810",4.56,86.52,24.976
"Nano","201811",6.259,118.756,34.282
"Aeternity","201706",30.636,581.277,167.8
"Aeternity","201707",18.85,357.654,103.246
"Aeternity","201708",18.298,347.18,100.222
"Aeternity","201709",24.049,456.298,131.722
"Aeternity","201710",6.763,128.319,37.042
"Aeternity","201711",10.817,205.238,59.247
"Aeternity","201712",13.202,250.49,72.31
"Aeternity","201801",12.421,235.672,68.033
"Aeternity","201802",7.55,143.251,41.353
"Aeternity","201803",5.604,106.328,30.694
"Aeternity","201804",10.963,208.008,60.047
"Aeternity","201805",5.957,113.026,32.628
"Aeternity","201806",7.238,137.331,39.644
"Aeternity","201807",5.901,111.964,32.321
"Aeternity","201808",8.175,155.11,44.776
"Aeternity","201809",4.967,94.242,27.205
"Aeternity","201810",6.216,117.94,34.046
"Aeternity","201811",7.383,140.083,40.438
"BitShares","201407",9.698,184.007,53.118
"BitShares","201408",17.632,334.544,96.574
"BitShares","201409",6.489,123.12,35.542
"BitShares","201410",4.522,85.799,24.768
"BitShares","201411",7.474,141.809,40.937
"BitShares","201412",5.018,95.21,27.485
"BitShares","201501",6.897,130.861,37.776
"BitShares","201502",3.605,68.4,19.745
"BitShares","201503",4.419,83.845,24.204
"BitShares","201504",3.838,72.821,21.022
"BitShares","201505",7.29,138.318,39.929
"BitShares","201506",5.259,99.783,28.805
"BitShares","201507",3.534,67.053,19.357
"BitShares","201508",4.362,82.763,23.892
"BitShares","201509",11.487,217.951,62.917
"BitShares","201510",6.493,123.196,35.564
"BitShares","201511",4.053,76.9,22.199
"BitShares","201512",3.609,68.476,19.767
"BitShares","201601",4.797,91.017,26.274
"BitShares","201602",7.617,144.522,41.72
"BitShares","201603",13.789,261.628,75.525
"BitShares","201604",3.659,69.425,20.041
"BitShares","201605",2.744,52.064,15.03
"BitShares","201606",5.371,101.908,29.418
"BitShares","201607",5.4,102.458,29.577
"BitShares","201608",8.605,163.268,47.132
"BitShares","201609",3.748,71.113,20.529
"BitShares","201610",2.932,55.631,16.059
"BitShares","201611",2.351,44.607,12.877
"BitShares","201612",3.458,65.611,18.94
"BitShares","201701",4.237,80.391,23.207
"BitShares","201702",2.862,54.303,15.676
"BitShares","201703",7.213,136.857,39.507
"BitShares","201704",11.771,223.339,64.472
"BitShares","201705",16.664,316.177,91.272
"BitShares","201706",17.64,334.695,96.618
"BitShares","201707",11.921,226.185,65.294
"BitShares","201708",6.007,113.975,32.902
"BitShares","201709",13.169,249.864,72.13
"BitShares","201710",9.253,175.563,50.681
"BitShares","201711",9.502,180.288,52.045
"BitShares","201712",13.489,255.936,73.882
"BitShares","201801",11.622,220.512,63.656
"BitShares","201802",9.569,181.559,52.412
"BitShares","201803",5.599,106.234,30.667
"BitShares","201804",8.959,169.985,49.07
"BitShares","201805",5.485,104.071,30.043
"BitShares","201806",5.883,111.622,32.223
"BitShares","201807",6.198,117.599,33.948
"BitShares","201808",6.364,120.748,34.857
"BitShares","201809",4.667,88.55,25.562
"BitShares","201810",3.139,59.558,17.193
"BitShares","201811",6.176,117.181,33.827
"ICON","201710",14.097,267.472,77.212
"ICON","201711",14.73,279.482,80.68
"ICON","201712",18.6,352.91,101.876
"ICON","201801",11.608,220.246,63.58
"ICON","201802",13.574,257.549,74.348
"ICON","201803",10.694,202.904,58.573
"ICON","201804",7.55,143.251,41.353
"ICON","201805",6.198,117.599,33.948
"ICON","201806",6.487,123.082,35.531
"ICON","201807",5.585,105.968,30.59
"ICON","201808",10.681,202.658,58.502
"ICON","201809",5.928,112.476,32.469
"ICON","201810",4.493,85.249,24.609
"ICON","201811",7.671,145.547,42.016
"Aurora","201806",9.377,177.916,51.36
"Aurora","201807",11.441,217.078,62.665
"Aurora","201808",11.048,209.621,60.512
"Aurora","201809",17.811,337.94,97.555
"Aurora","201810",6.855,130.064,37.546
"Aurora","201811",4.978,94.451,27.266
"Waves","201606",19.265,365.528,105.519
"Waves","201607",8.219,155.945,45.017
"Waves","201608",5.761,109.307,31.554
"Waves","201609",4.804,91.149,26.313
"Waves","201610",4.976,94.413,27.255
"Waves","201611",7.25,137.559,39.71
"Waves","201612",5.445,103.312,29.823
"Waves","201701",4.262,80.866,23.344
"Waves","201702",5.762,109.326,31.56
"Waves","201703",8.083,153.364,44.272
"Waves","201704",5.319,100.921,29.133
"Waves","201705",11.105,210.703,60.825
"Waves","201706",9.764,185.259,53.48
"Waves","201707",12.214,231.744,66.899
"Waves","201708",7.403,140.462,40.548
"Waves","201709",8.97,170.194,49.131
"Waves","201710",4.364,82.801,23.903
"Waves","201711",8.58,162.794,46.995
"Waves","201712",9.939,188.579,54.438
"Waves","201801",7.199,136.591,39.431
"Waves","201802",9.281,176.095,50.834
"Waves","201803",5.031,95.457,27.556
"Waves","201804",6.717,127.446,36.791
"Waves","201805",5.754,109.174,31.516
"Waves","201806",6.868,130.311,37.618
"Waves","201807",3.911,74.206,21.421
"Waves","201808",5.612,106.48,30.738
"Waves","201809",6.633,125.852,36.33
"Waves","201810",3.006,57.035,16.465
"Waves","201811",6.415,121.716,35.136
"Chainlink","201709",19.574,371.391,107.211
"Chainlink","201710",9.743,184.86,53.365
"Chainlink","201711",8.644,164.008,47.345
"Chainlink","201712",12.569,238.48,68.843
"Chainlink","201801",15.983,303.256,87.542
"Chainlink","201802",10.569,200.533,57.889
"Chainlink","201803",7.428,140.936,40.685
"Chainlink","201804",6.815,129.306,37.327
"Chainlink","201805",5.489,104.146,30.064
"Chainlink","201806",8.21,155.774,44.968
"Chainlink","201807",7.612,144.428,41.693
"Chainlink","201808",6.801,129.04,37.251
"Chainlink","201809",5.034,95.513,27.572
"Chainlink","201810",5.422,102.875,29.698
"Chainlink","201811",8.272,156.95,45.308
"Verge","201410",44.731,848.711,245.002
"Verge","201411",16.988,322.325,93.047
"Verge","201412",33.807,641.443,185.169
"Verge","201501",26.029,493.866,142.567
"Verge","201502",112.614,2136.7,616.812
"Verge","201503",16.782,318.416,91.919
"Verge","201504",11.516,218.501,63.076
"Verge","201505",12.759,242.085,69.884
"Verge","201506",13.3,252.35,72.847
"Verge","201507",13.165,249.788,72.108
"Verge","201508",17.483,331.717,95.758
"Verge","201509",11.483,217.875,62.895
"Verge","201510",14.197,269.369,77.76
"Verge","201511",19.734,374.426,108.088
"Verge","201512",19.689,373.573,107.841
"Verge","201601",24.953,473.45,136.673
"Verge","201602",19.792,375.527,108.405
"Verge","201603",18.423,349.552,100.907
"Verge","201604",16.66,316.101,91.251
"Verge","201605",9.987,189.49,54.701
"Verge","201606",13.721,260.338,75.153
"Verge","201607",14.388,272.993,78.806
"Verge","201608",15.222,288.817,83.374
"Verge","201609",17.828,338.263,97.648
"Verge","201610",11.506,218.311,63.021
"Verge","201611",13.828,262.368,75.739
"Verge","201612",22.395,424.915,122.662
"Verge","201701",18.316,347.522,100.321
"Verge","201702",18.659,354.03,102.2
"Verge","201703",48.767,925.289,267.108
"Verge","201704",19.888,377.348,108.931
"Verge","201705",34.273,650.284,187.721
"Verge","201706",23.307,442.219,127.658
"Verge","201707",13.065,247.891,71.56
"Verge","201708",15.038,285.326,82.367
"Verge","201709",9.591,181.976,52.532
"Verge","201710",8.666,164.426,47.466
"Verge","201711",8.604,163.249,47.126
"Verge","201712",32.303,612.906,176.931
"Verge","201801",10.527,199.736,57.659
"Verge","201802",12.637,239.77,69.216
"Verge","201803",8.512,161.504,46.622
"Verge","201804",12.663,240.264,69.358
"Verge","201805",6.201,117.656,33.964
"Verge","201806",6.017,114.165,32.956
"Verge","201807",4.779,90.675,26.176
"Verge","201808",8.053,152.795,44.108
"Verge","201809",5.799,110.028,31.762
"Verge","201810",3.778,71.683,20.693
"Verge","201811",9.409,178.523,51.535
"Siacoin","201508",6.396,121.356,35.032
"Siacoin","201509",20.515,389.245,112.365
"Siacoin","201510",9.815,186.227,53.759
"Siacoin","201511",13.321,252.748,72.962
"Siacoin","201512",19.088,362.169,104.549
"Siacoin","201601",14.302,271.361,78.335
"Siacoin","201602",22.403,425.067,122.706
"Siacoin","201603",11.833,224.515,64.812
"Siacoin","201604",7.287,138.261,39.913
"Siacoin","201605",15.581,295.629,85.341
"Siacoin","201606",12.579,238.67,68.898
"Siacoin","201607",5.092,96.614,27.89
"Siacoin","201608",4.704,89.252,25.765
"Siacoin","201609",9.064,171.977,49.646
"Siacoin","201610",3.694,70.089,20.233
"Siacoin","201611",3.081,58.458,16.875
"Siacoin","201612",5.144,97.601,28.175
"Siacoin","201701",7.789,147.786,42.662
"Siacoin","201702",3.234,61.361,17.713
"Siacoin","201703",10.519,199.584,57.615
"Siacoin","201704",10.389,197.117,56.903
"Siacoin","201705",19.232,364.902,105.338
"Siacoin","201706",13.171,249.902,72.141
"Siacoin","201707",11.516,218.501,63.076
"Siacoin","201708",6.308,119.686,34.55
"Siacoin","201709",12.6,239.068,69.013
"Siacoin","201710",4.926,93.464,26.981
"Siacoin","201711",9.056,171.826,49.602
"Siacoin","201712",17.623,334.373,96.525
"Siacoin","201801",19.586,371.618,107.277
"Siacoin","201802",10.878,206.396,59.581
"Siacoin","201803",7.899,149.873,43.265
"Siacoin","201804",10.661,202.278,58.393
"Siacoin","201805",4.985,94.584,27.304
"Siacoin","201806",6.642,126.023,36.38
"Siacoin","201807",4.347,82.479,23.809
"Siacoin","201808",7.012,133.043,38.406
"Siacoin","201809",6.35,120.483,34.78
"Siacoin","201810",4.463,84.679,24.445
"Siacoin","201811",6.98,132.436,38.231
"Steem","201604",19.939,378.316,109.21
"Steem","201605",12.834,243.508,70.295
"Steem","201606",12.981,246.297,71.1
"Steem","201607",40.382,766.195,221.181
"Steem","201608",9.338,177.176,51.146
"Steem","201609",7.704,146.173,42.197
"Steem","201610",6.426,121.925,35.197
"Steem","201611",16.761,318.018,91.804
"Steem","201612",8.682,164.729,47.553
"Steem","201701",7.283,138.185,39.891
"Steem","201702",4.786,90.808,26.214
"Steem","201703",12.712,241.193,69.626
"Steem","201704",6.993,132.683,38.302
"Steem","201705",20.568,390.25,112.656
"Steem","201706",14.843,281.626,81.298
"Steem","201707",12.314,233.642,67.447
"Steem","201708",9.12,173.04,49.952
"Steem","201709",10.175,193.057,55.731
"Steem","201710",3.995,75.8,21.882
"Steem","201711",6.934,131.563,37.979
"Steem","201712",14.521,275.517,79.535
"Steem","201801",18.78,356.325,102.862
"Steem","201802",7.998,151.751,43.807
"Steem","201803",6.629,125.776,36.309
"Steem","201804",9.97,189.167,54.608
"Steem","201805",5.51,104.545,30.18
"Steem","201806",7.334,139.153,40.17
"Steem","201807",5.678,107.732,31.1
"Steem","201808",5.131,97.354,28.104
"Steem","201809",5.861,111.205,32.102
"Steem","201810",2.58,48.952,14.131
"Steem","201811",7.128,135.244,39.042
"Bytom","201708",23.91,453.66,130.96
"Bytom","201709",16.122,305.893,88.304
"Bytom","201710",7.36,139.646,40.312
"Bytom","201711",9.32,176.835,51.048
"Bytom","201712",15.676,297.431,85.861
"Bytom","201801",11.326,214.896,62.035
"Bytom","201802",8.125,154.161,44.502
"Bytom","201803",7.54,143.061,41.298
"Bytom","201804",9.617,182.47,52.674
"Bytom","201805",6.643,126.042,36.385
"Bytom","201806",6.462,122.608,35.394
"Bytom","201807",4.79,90.884,26.236
"Bytom","201808",8.814,167.234,48.276
"Bytom","201809",5.142,97.563,28.164
"Bytom","201810",6.065,115.075,33.219
"Bytom","201811",5.647,107.144,30.93
"Factom","201510",13.787,261.59,75.515
"Factom","201511",10.672,202.487,58.453
"Factom","201512",28.839,547.182,157.958
"Factom","201601",16.227,307.886,88.879
"Factom","201602",6.255,118.68,34.26
"Factom","201603",11.968,227.077,65.551
"Factom","201604",5.295,100.466,29.002
"Factom","201605",4.66,88.417,25.524
"Factom","201606",12.32,233.756,67.479
"Factom","201607",5.741,108.928,31.445
"Factom","201608",8.458,160.479,46.326
"Factom","201609",5.688,107.922,31.154
"Factom","201610",4.985,94.584,27.304
"Factom","201611",6.192,117.485,33.915
"Factom","201612",5.549,105.285,30.393
"Factom","201701",6.31,119.724,34.561
"Factom","201702",3.984,75.591,21.821
"Factom","201703",7.064,134.03,38.691
"Factom","201704",5.828,110.579,31.921
"Factom","201705",8.119,154.047,44.47
"Factom","201706",13.491,255.974,73.893
"Factom","201707",10.87,206.244,59.537
"Factom","201708",6.408,121.583,35.098
"Factom","201709",9.219,174.918,50.495
"Factom","201710",4.209,79.86,23.054
"Factom","201711",10.67,202.449,58.442
"Factom","201712",13.803,261.894,75.602
"Factom","201801",9.274,175.962,50.796
"Factom","201802",9.555,181.293,52.335
"Factom","201803",9.624,182.603,52.713
"Factom","201804",6.347,120.426,34.764
"Factom","201805",7.141,135.491,39.113
"Factom","201806",6.933,131.544,37.974
"Factom","201807",7.103,134.77,38.905
"Factom","201808",7.27,137.939,39.819
"Factom","201809",6.74,127.883,36.917
"Factom","201810",4.437,84.186,24.302
"Factom","201811",12.395,235.179,67.89
"Pundi X","201803",9.254,175.582,50.686
"Pundi X","201804",18.372,348.584,100.628
"Pundi X","201805",13.91,263.924,76.188
"Pundi X","201806",20.331,385.754,111.357
"Pundi X","201807",6.797,128.964,37.229
"Pundi X","201808",9.96,188.978,54.553
"Pundi X","201809",7.212,136.838,39.502
"Pundi X","201810",4.285,81.302,23.47
"Pundi X","201811",7.167,135.984,39.255
"Populous","201707",30.253,574.01,165.703
"Populous","201708",10.561,200.381,57.845
"Populous","201709",8.358,158.582,45.779
"Populous","201710",8.193,155.451,44.875
"Populous","201711",9.401,178.371,51.491
"Populous","201712",13.694,259.825,75.005
"Populous","201801",10.748,203.929,58.869
"Populous","201802",11.133,211.234,60.978
"Populous","201803",6.151,116.707,33.69
"Populous","201804",9.478,179.832,51.913
"Populous","201805",7.86,149.133,43.051
"Populous","201806",8.717,165.393,47.745
"Populous","201807",4.991,94.698,27.337
"Populous","201808",9.005,170.858,49.322
"Populous","201809",4.664,88.493,25.546
"Populous","201810",4.13,78.361,22.621
"Populous","201811",8.792,166.816,48.156
"Augur","201510",5.328,101.092,29.183
"Augur","201511",5.629,106.803,30.831
"Augur","201512",7.819,148.355,42.826
"Augur","201601",9.189,174.349,50.33
"Augur","201602",6.883,130.596,37.7
"Augur","201603",12.365,234.609,67.726
"Augur","201604",11.965,227.02,65.535
"Augur","201605",11.949,226.716,65.447
"Augur","201608",12.388,235.046,67.852
"Augur","201609",26.241,497.888,143.728
"Augur","201610",12.308,233.528,67.414
"Augur","201611",6.959,132.038,38.116
"Augur","201612",6.929,131.469,37.952
"Augur","201701",5.232,99.27,28.657
"Augur","201702",3.883,73.675,21.268
"Augur","201703",9.365,177.688,51.294
"Augur","201704",6.404,121.507,35.076
"Augur","201705",10.248,194.442,56.131
"Augur","201706",6.453,122.437,35.345
"Augur","201707",10.157,192.716,55.632
"Augur","201708",5.827,110.56,31.916
"Augur","201709",7.727,146.61,42.323
"Augur","201710",3.3,62.613,18.075
"Augur","201711",6.214,117.902,34.035
"Augur","201712",20.414,387.328,111.812
"Augur","201801",10.014,190.002,54.849
"Augur","201802",7.584,143.896,41.539
"Augur","201803",6.825,129.495,37.382
"Augur","201804",6.994,132.702,38.308
"Augur","201805",8.526,161.769,46.699
"Augur","201806",5.635,106.917,30.864
"Augur","201807",5.494,104.241,30.092
"Augur","201808",6.919,131.279,37.897
"Augur","201809",4.945,93.825,27.085
"Augur","201810",3.385,64.226,18.54
"Augur","201811",6.717,127.446,36.791
"Golem","201611",10.08,191.255,55.21
"Golem","201612",6.861,130.178,37.579
"Golem","201701",8.637,163.876,47.307
"Golem","201702",16.557,314.147,90.686
"Golem","201703",16.235,308.037,88.923
"Golem","201704",9.441,179.13,51.71
"Golem","201705",12.499,237.152,68.46
"Golem","201706",9.66,183.286,52.91
"Golem","201707",11.99,227.494,65.672
"Golem","201708",6.478,122.911,35.481
"Golem","201709",11.089,210.399,60.737
"Golem","201710",6.265,118.87,34.315
"Golem","201711",7.375,139.931,40.395
"Golem","201712",10.28,195.049,56.306
"Golem","201801",9.904,187.915,54.246
"Golem","201802",10.335,196.093,56.607
"Golem","201803",7.999,151.77,43.812
"Golem","201804",13.557,257.226,74.255
"Golem","201805",8.069,153.099,44.196
"Golem","201806",7.854,149.019,43.018
"Golem","201807",5.108,96.917,27.978
"Golem","201808",7.736,146.78,42.372
"Golem","201809",5.8,110.047,31.768
"Golem","201810",3.793,71.967,20.775
"Golem","201811",6.572,124.695,35.996
"Stratis","201608",18.205,345.416,99.713
"Stratis","201609",12.96,245.899,70.985
"Stratis","201610",6.803,129.078,37.262
"Stratis","201611",9.928,188.371,54.378
"Stratis","201612",9.542,181.047,52.264
"Stratis","201701",9.833,186.568,53.858
"Stratis","201702",4.917,93.294,26.932
"Stratis","201703",10.78,204.536,59.044
"Stratis","201704",8.707,165.204,47.69
"Stratis","201705",16.158,306.576,88.501
"Stratis","201706",13.188,250.225,72.234
"Stratis","201707",16.397,311.111,89.81
"Stratis","201708",5.812,110.275,31.834
"Stratis","201709",9.575,181.673,52.444
"Stratis","201710",7.816,148.298,42.81
"Stratis","201711",10.129,192.184,55.479
"Stratis","201712",10.819,205.276,59.258
"Stratis","201801",10.725,203.493,58.743
"Stratis","201802",9.694,183.931,53.096
"Stratis","201803",7.087,134.466,38.817
"Stratis","201804",6.658,126.327,36.467
"Stratis","201805",5.682,107.808,31.122
"Stratis","201806",6.167,117.011,33.778
"Stratis","201807",5.563,105.551,30.47
"Stratis","201808",7.147,135.605,39.146
"Stratis","201809",6.159,116.859,33.734
"Stratis","201810",4.791,90.903,26.241
"Stratis","201811",8.012,152.017,43.884
"QASH","201711",20.239,384.008,110.854
"QASH","201712",15.026,285.098,82.301
"QASH","201801",13.582,257.7,74.392
"QASH","201802",9.423,178.789,51.612
"QASH","201803",7.605,144.295,41.654
"QASH","201804",8.188,155.356,44.848
"QASH","201805",4.288,81.359,23.486
"QASH","201806",6.292,119.382,34.463
"QASH","201807",6.801,129.04,37.251
"QASH","201808",8.481,160.916,46.452
"QASH","201809",4.178,79.272,22.884
"QASH","201810",1.493,28.328,8.177
"QASH","201811",2.064,39.162,11.305
"MaidSafeCoin","201404",4.61,87.469,25.25
"MaidSafeCoin","201405",10.904,206.889,59.724
"MaidSafeCoin","201406",5.341,101.338,29.254
"MaidSafeCoin","201407",12.932,245.367,70.831
"MaidSafeCoin","201408",5.755,109.193,31.521
"MaidSafeCoin","201409",3.946,74.87,21.613
"MaidSafeCoin","201410",6.63,125.795,36.314
"MaidSafeCoin","201411",6.02,114.221,32.973
"MaidSafeCoin","201412",11.6,220.095,63.536
"MaidSafeCoin","201501",10.127,192.146,55.468
"MaidSafeCoin","201502",7.467,141.676,40.898
"MaidSafeCoin","201503",7.552,143.289,41.364
"MaidSafeCoin","201504",5.967,113.216,32.683
"MaidSafeCoin","201505",6.608,125.378,36.194
"MaidSafeCoin","201506",3.557,67.489,19.482
"MaidSafeCoin","201507",6.059,114.961,33.187
"MaidSafeCoin","201508",5.431,103.046,29.747
"MaidSafeCoin","201509",2.551,48.402,13.972
"MaidSafeCoin","201510",5.693,108.017,31.182
"MaidSafeCoin","201511",7.622,144.617,41.747
"MaidSafeCoin","201512",4.842,91.87,26.521
"MaidSafeCoin","201601",9.02,171.142,49.405
"MaidSafeCoin","201602",11.282,214.061,61.794
"MaidSafeCoin","201603",6.501,123.348,35.607
"MaidSafeCoin","201604",8.354,158.506,45.757
"MaidSafeCoin","201605",6.182,117.295,33.86
"MaidSafeCoin","201606",8.658,164.274,47.422
"MaidSafeCoin","201607",4.061,77.052,22.243
"MaidSafeCoin","201608",8.154,154.711,44.661
"MaidSafeCoin","201609",4.768,90.466,26.115
"MaidSafeCoin","201610",3.546,67.281,19.422
"MaidSafeCoin","201611",2.971,56.371,16.273
"MaidSafeCoin","201612",6.134,116.384,33.597
"MaidSafeCoin","201701",5.482,104.014,30.026
"MaidSafeCoin","201702",4.815,91.358,26.373
"MaidSafeCoin","201703",6.547,124.221,35.859
"MaidSafeCoin","201704",5.049,95.798,27.655
"MaidSafeCoin","201705",7.188,136.383,39.37
"MaidSafeCoin","201706",7.66,145.338,41.956
"MaidSafeCoin","201707",8.833,167.594,48.38
"MaidSafeCoin","201708",4.368,82.877,23.925
"MaidSafeCoin","201709",9.862,187.118,54.016
"MaidSafeCoin","201710",3.946,74.87,21.613
"MaidSafeCoin","201711",7.365,139.741,40.34
"MaidSafeCoin","201712",11.262,213.681,61.685
"MaidSafeCoin","201801",9.272,175.924,50.785
"MaidSafeCoin","201802",9.28,176.076,50.829
"MaidSafeCoin","201803",6.889,130.71,37.733
"MaidSafeCoin","201804",5.953,112.95,32.606
"MaidSafeCoin","201805",6.464,122.646,35.405
"MaidSafeCoin","201806",6.806,129.135,37.278
"MaidSafeCoin","201807",4.24,80.448,23.223
"MaidSafeCoin","201808",5.989,113.633,32.803
"MaidSafeCoin","201809",5.164,97.98,28.284
"MaidSafeCoin","201810",4.309,81.758,23.601
"MaidSafeCoin","201811",6.566,124.581,35.963
"Komodo","201702",11.04,209.469,60.469
"Komodo","201703",103.211,1958.291,565.31
"Komodo","201704",5.756,109.212,31.527
"Komodo","201705",8.591,163.003,47.055
"Komodo","201706",15.387,291.948,84.278
"Komodo","201707",13.192,250.301,72.256
"Komodo","201708",13.411,254.456,73.455
"Komodo","201709",17.24,327.106,94.427
"Komodo","201710",6.358,120.635,34.824
"Komodo","201711",8.196,155.508,44.891
"Komodo","201712",13.018,246.999,71.303
"Komodo","201801",10.814,205.181,59.231
"Komodo","201802",9.753,185.05,53.419
"Komodo","201803",5.979,113.444,32.748
"Komodo","201804",6.868,130.311,37.618
"Komodo","201805",5.629,106.803,30.831
"Komodo","201806",5.173,98.151,28.334
"Komodo","201807",4.99,94.679,27.331
"Komodo","201808",7.192,136.459,39.392
"Komodo","201809",5.766,109.402,31.582
"Komodo","201810",4.78,90.694,26.181
"Komodo","201811",7.025,133.29,38.478
"Electroneum","201711",20.973,397.935,114.874
"Electroneum","201712",18.132,344.031,99.313
"Electroneum","201801",16.342,310.068,89.509
"Electroneum","201802",11.602,220.132,63.547
"Electroneum","201803",7.13,135.282,39.053
"Electroneum","201804",8.234,156.229,45.099
"Electroneum","201805",7.857,149.076,43.035
"Electroneum","201806",6.16,116.878,33.74
"Electroneum","201807",7.045,133.669,38.587
"Electroneum","201808",5.017,95.191,27.479
"Electroneum","201809",16.857,319.839,92.33
"Electroneum","201810",7.217,136.933,39.529
"Electroneum","201811",7.299,138.489,39.978
"Cryptonex","201710",22.077,418.882,120.921
"Cryptonex","201711",9.558,181.35,52.351
"Cryptonex","201712",14.393,273.088,78.834
"Cryptonex","201801",11.135,211.272,60.989
"Cryptonex","201802",13.029,247.208,71.363
"Cryptonex","201803",3.793,71.967,20.775
"Cryptonex","201804",5.497,104.298,30.108
"Cryptonex","201805",4.726,89.67,25.885
"Cryptonex","201806",6.294,119.42,34.474
"Cryptonex","201807",5.269,99.972,28.86
"Cryptonex","201808",5.02,95.248,27.496
"Cryptonex","201809",3.609,68.476,19.767
"Cryptonex","201810",2.942,55.821,16.114
"Cryptonex","201811",5.088,96.538,27.868
"Holo","201804",NA,NA,NA
"Holo","201805",13.549,257.074,74.211
"Holo","201806",7.23,137.18,39.6
"Holo","201807",11.118,210.949,60.896
"Holo","201808",11.569,219.506,63.366
"Holo","201809",10.547,200.115,57.768
"Holo","201810",4.944,93.806,27.079
"Holo","201811",7.226,137.104,39.578
"Status","201706",7.381,140.045,40.427
"Status","201707",24.709,468.82,135.337
"Status","201708",6.982,132.474,38.242
"Status","201709",13.256,251.515,72.606
"Status","201710",6.141,116.517,33.636
"Status","201711",11.04,209.469,60.469
"Status","201712",18.175,344.846,99.549
"Status","201801",22.421,425.409,122.805
"Status","201802",6.598,125.188,36.139
"Status","201803",6.389,121.223,34.994
"Status","201804",7.715,146.382,42.257
"Status","201805",4.917,93.294,26.932
"Status","201806",6.232,118.244,34.134
"Status","201807",5.403,102.515,29.593
"Status","201808",5.657,107.334,30.985
"Status","201809",5.837,110.749,31.971
"Status","201810",3.431,65.099,18.792
"Status","201811",5.994,113.728,32.83
"Revain","201711",14.775,280.336,80.926
"Revain","201712",11.338,215.123,62.101
"Revain","201801",14.046,266.504,76.933
"Revain","201802",16.571,314.413,90.763
"Revain","201803",7.251,137.578,39.715
"Revain","201804",5.497,104.298,30.108
"Revain","201805",4.536,86.065,24.845
"Revain","201806",5.208,98.815,28.525
"Revain","201807",5.168,98.056,28.306
"Revain","201808",6.274,119.041,34.364
"Revain","201809",4.5,85.381,24.648
"Revain","201810",9.265,175.791,50.746
"Revain","201811",7.133,135.339,39.069
"Dai","201712",1.067,20.245,5.844
"Dai","201801",2.267,43.013,12.417
"Dai","201802",0.911,17.285,4.99
"Dai","201803",0.871,16.526,4.771
"Dai","201804",0.772,14.648,4.228
"Dai","201805",1.47,27.891,8.052
"Dai","201806",1.043,19.79,5.713
"Dai","201807",1.077,20.435,5.899
"Dai","201808",0.775,14.705,4.245
"Dai","201809",1.253,23.774,6.863
"Dai","201810",0.709,13.452,3.883
"Dai","201811",0.959,18.196,5.253
"Decentraland","201709",12.638,239.789,69.221
"Decentraland","201710",17.812,337.959,97.56
"Decentraland","201711",7.364,139.722,40.334
"Decentraland","201712",30.09,570.918,164.81
"Decentraland","201801",17.39,329.952,95.249
"Decentraland","201802",10.168,192.924,55.692
"Decentraland","201803",6.807,129.154,37.283
"Decentraland","201804",9.945,188.693,54.471
"Decentraland","201805",6.021,114.24,32.978
"Decentraland","201806",4.505,85.476,24.675
"Decentraland","201807",14.357,272.405,78.637
"Decentraland","201808",6.603,125.283,36.166
"Decentraland","201809",6.395,121.337,35.027
"Decentraland","201810",2.946,55.896,16.136
"Decentraland","201811",8.353,158.487,45.751
"WAX","201712",37.001,702.045,202.663
"WAX","201801",26.217,497.433,143.596
"WAX","201802",17.499,332.02,95.846
"WAX","201803",8.028,152.321,43.971
"WAX","201804",9.65,183.096,52.855
"WAX","201805",6.951,131.886,38.072
"WAX","201806",6.838,129.742,37.453
"WAX","201807",6.628,125.757,36.303
"WAX","201808",6.961,132.076,38.127
"WAX","201809",5.311,100.769,29.09
"WAX","201810",4.963,94.166,27.183
"WAX","201811",8.218,155.926,45.012
"Ardor","201607",7.927,150.404,43.418
"Ardor","201608",12.334,234.021,67.556
"Ardor","201610",12.756,242.028,69.867
"Ardor","201611",4.813,91.32,26.362
"Ardor","201612",4.787,90.827,26.219
"Ardor","201701",7.686,145.832,42.098
"Ardor","201702",5.878,111.527,32.195
"Ardor","201703",7.624,144.655,41.758
"Ardor","201704",7.053,133.821,38.631
"Ardor","201705",12.281,233.016,67.266
"Ardor","201706",9.241,175.336,50.615
"Ardor","201707",12.882,244.419,70.558
"Ardor","201708",4.941,93.749,27.063
"Ardor","201709",11.636,220.778,63.733
"Ardor","201710",6.472,122.798,35.449
"Ardor","201711",8.644,164.008,47.345
"Ardor","201712",16.851,319.725,92.297
"Ardor","201801",12.515,237.455,68.547
"Ardor","201802",8.378,158.961,45.888
"Ardor","201803",6.198,117.599,33.948
"Ardor","201804",6.614,125.492,36.226
"Ardor","201805",5.381,102.097,29.473
"Ardor","201806",5.012,95.096,27.452
"Ardor","201807",8.769,166.38,48.03
"Ardor","201808",6.196,117.561,33.937
"Ardor","201809",5.389,102.249,29.517
"Ardor","201810",1.882,35.708,10.308
"Ardor","201811",7.693,145.964,42.136
"Nexo","201805",12.42,235.653,68.027
"Nexo","201806",8.015,152.074,43.9
"Nexo","201807",8.224,156.039,45.045
"Nexo","201808",6.782,128.679,37.147
"Nexo","201809",6.117,116.062,33.504
"Nexo","201810",8.656,164.236,47.411
"Nexo","201811",8.847,167.86,48.457
"IOST","201801",61.101,1159.31,334.664
"IOST","201802",11.266,213.757,61.706
"IOST","201803",9.897,187.782,54.208
"IOST","201804",9.945,188.693,54.471
"IOST","201805",8.149,154.616,44.634
"IOST","201806",7.144,135.548,39.129
"IOST","201807",8.446,160.252,46.261
"IOST","201808",9.39,178.163,51.431
"IOST","201809",6.814,129.287,37.322
"IOST","201810",3.998,75.857,21.898
"IOST","201811",7.966,151.144,43.632
"Metaverse ETP","201706",7.04,133.575,38.56
"Metaverse ETP","201707",10.051,190.704,55.052
"Metaverse ETP","201708",9.065,171.996,49.651
"Metaverse ETP","201709",98.742,1873.498,540.832
"Metaverse ETP","201710",17.766,337.086,97.308
"Metaverse ETP","201711",8.73,165.64,47.816
"Metaverse ETP","201712",12.241,232.257,67.047
"Metaverse ETP","201801",18.808,356.857,103.016
"Metaverse ETP","201802",10.654,202.145,58.354
"Metaverse ETP","201803",7.077,134.277,38.762
"Metaverse ETP","201804",8.163,154.882,44.711
"Metaverse ETP","201805",5.205,98.758,28.509
"Metaverse ETP","201806",4.205,79.784,23.032
"Metaverse ETP","201807",8.766,166.323,48.013
"Metaverse ETP","201808",6.921,131.317,37.908
"Metaverse ETP","201809",4.251,80.657,23.284
"Metaverse ETP","201810",4.442,84.281,24.33
"Metaverse ETP","201811",10.572,200.59,57.905
"Theta Token","201801",17.766,337.086,97.308
"Theta Token","201802",10.755,204.062,58.908
"Theta Token","201803",8.137,154.389,44.568
"Theta Token","201804",6.653,126.232,36.44
"Theta Token","201805",13.605,258.137,74.518
"Theta Token","201806",8.574,162.68,46.962
"Theta Token","201807",5.498,104.317,30.114
"Theta Token","201808",12.262,232.655,67.162
"Theta Token","201809",5.225,99.137,28.619
"Theta Token","201810",4.557,86.463,24.96
"Theta Token","201811",6.394,121.318,35.021
"Huobi Token","201802",12.439,236.013,68.131
"Huobi Token","201803",5.845,110.901,32.014
"Huobi Token","201804",5.591,106.082,30.623
"Huobi Token","201805",7.839,148.735,42.936
"Huobi Token","201806",6.945,131.772,38.039
"Huobi Token","201807",4.243,80.505,23.24
"Huobi Token","201808",6.184,117.333,33.871
"Huobi Token","201809",4.665,88.512,25.551
"Huobi Token","201810",3.095,58.723,16.952
"Huobi Token","201811",4.482,85.04,24.549
"KuCoin Shares","201710",9.566,181.502,52.395
"KuCoin Shares","201711",6.346,120.407,34.758
"KuCoin Shares","201712",15.171,287.849,83.095
"KuCoin Shares","201801",26.895,510.297,147.31
"KuCoin Shares","201802",10.567,200.495,57.878
"KuCoin Shares","201803",7.583,143.877,41.534
"KuCoin Shares","201804",8.176,155.129,44.782
"KuCoin Shares","201805",5.591,106.082,30.623
"KuCoin Shares","201806",6.545,124.183,35.848
"KuCoin Shares","201807",5.638,106.974,30.881
"KuCoin Shares","201808",7.067,134.087,38.708
"KuCoin Shares","201809",5.034,95.513,27.572
"KuCoin Shares","201810",3.674,69.709,20.123
"KuCoin Shares","201811",6.464,122.646,35.405
"Bitcoin Private","201803",10.66,202.259,58.387
"Bitcoin Private","201804",21.053,399.453,115.312
"Bitcoin Private","201805",10.046,190.609,55.024
"Bitcoin Private","201806",6.635,125.89,36.341
"Bitcoin Private","201807",6.132,116.347,33.586
"Bitcoin Private","201808",8.349,158.411,45.729
"Bitcoin Private","201809",4.231,80.278,23.174
"Bitcoin Private","201810",4.216,79.993,23.092
"Bitcoin Private","201811",12.193,231.346,66.784
"Insight Chain","201808",8.848,167.879,48.462
"Insight Chain","201809",6.434,122.077,35.24
"Insight Chain","201810",2.942,55.821,16.114
"Insight Chain","201811",6.006,113.956,32.896
"MOAC","201801",18.02,341.905,98.7
"MOAC","201802",7.11,134.903,38.943
"MOAC","201803",6.117,116.062,33.504
"MOAC","201804",6.948,131.829,38.056
"MOAC","201805",5.07,96.196,27.77
"MOAC","201806",6.012,114.07,32.929
"MOAC","201807",7.514,142.568,41.156
"MOAC","201808",6.42,121.811,35.164
"MOAC","201809",8.332,158.089,45.636
"MOAC","201810",4.167,79.063,22.824
"MOAC","201811",6.581,124.866,36.046
"Waltonchain","201708",11.288,214.175,61.827
"Waltonchain","201709",24.343,461.876,133.332
"Waltonchain","201710",10.297,195.372,56.399
"Waltonchain","201711",12.041,228.462,65.951
"Waltonchain","201712",12.11,229.771,66.329
"Waltonchain","201801",16.83,319.327,92.182
"Waltonchain","201802",12.042,228.481,65.957
"Waltonchain","201803",9.715,184.329,53.211
"Waltonchain","201804",7.316,138.811,40.071
"Waltonchain","201805",6.407,121.564,35.093
"Waltonchain","201806",6.916,131.222,37.88
"Waltonchain","201807",6.342,120.331,34.737
"Waltonchain","201808",10.521,199.622,57.626
"Waltonchain","201809",5.641,107.03,30.897
"Waltonchain","201810",5.007,95.001,27.424
"Waltonchain","201811",6.956,131.981,38.1
"ODEM","201804",14.468,274.511,79.244
"ODEM","201805",9.164,173.875,50.193
"ODEM","201806",14.448,274.132,79.135
"ODEM","201807",9.412,178.58,51.552
"ODEM","201808",10.107,191.767,55.358
"ODEM","201809",9.586,181.882,52.505
"ODEM","201810",9.358,177.556,51.256
"ODEM","201811",7.767,147.368,42.542
"MonaCoin","201403",11.922,226.204,65.299
"MonaCoin","201404",11.347,215.294,62.15
"MonaCoin","201405",8.31,157.671,45.516
"MonaCoin","201406",9.09,172.471,49.788
"MonaCoin","201407",26.26,498.248,143.832
"MonaCoin","201408",17.758,336.934,97.265
"MonaCoin","201409",11.825,224.364,64.768
"MonaCoin","201410",9.823,186.378,53.803
"MonaCoin","201411",5.341,101.338,29.254
"MonaCoin","201412",7.708,146.249,42.218
"MonaCoin","201501",16.224,307.829,88.863
"MonaCoin","201502",7.077,134.277,38.762
"MonaCoin","201503",12.553,238.176,68.756
"MonaCoin","201504",7.635,144.864,41.819
"MonaCoin","201505",15.497,294.035,84.881
"MonaCoin","201506",5.474,103.862,29.982
"MonaCoin","201507",3.921,74.396,21.476
"MonaCoin","201508",5.268,99.953,28.854
"MonaCoin","201509",4.394,83.37,24.067
"MonaCoin","201510",4.736,89.859,25.94
"MonaCoin","201511",4.396,83.408,24.078
"MonaCoin","201512",2.71,51.419,14.843
"MonaCoin","201601",4.39,83.294,24.045
"MonaCoin","201602",2.923,55.46,16.01
"MonaCoin","201603",3.195,60.621,17.5
"MonaCoin","201604",1.73,32.824,9.476
"MonaCoin","201605",7.863,149.19,43.067
"MonaCoin","201606",5.157,97.847,28.246
"MonaCoin","201607",3.126,59.312,17.122
"MonaCoin","201608",3.404,64.586,18.644
"MonaCoin","201609",2.121,40.243,11.617
"MonaCoin","201610",3.012,57.149,16.497
"MonaCoin","201611",2.841,53.904,15.561
"MonaCoin","201612",3.827,72.612,20.961
"MonaCoin","201701",3.741,70.98,20.49
"MonaCoin","201702",2.929,55.574,16.043
"MonaCoin","201703",8.735,165.735,47.844
"MonaCoin","201704",14.114,267.794,77.306
"MonaCoin","201705",12.756,242.028,69.867
"MonaCoin","201706",12.194,231.365,66.789
"MonaCoin","201707",8.54,162.035,46.776
"MonaCoin","201708",5.843,110.863,32.003
"MonaCoin","201709",6.475,122.854,35.465
"MonaCoin","201710",32.555,617.688,178.311
"MonaCoin","201711",15.013,284.852,82.23
"MonaCoin","201712",14.402,273.259,78.883
"MonaCoin","201801",10.291,195.258,56.366
"MonaCoin","201802",11.361,215.56,62.227
"MonaCoin","201803",5.296,100.485,29.007
"MonaCoin","201804",6.044,114.677,33.104
"MonaCoin","201805",4.135,78.456,22.648
"MonaCoin","201806",3.708,70.354,20.31
"MonaCoin","201807",3.054,57.946,16.727
"MonaCoin","201808",7.476,141.847,40.948
"MonaCoin","201809",14.002,265.669,76.692
"MonaCoin","201810",3.233,61.342,17.708
"MonaCoin","201811",6.19,117.447,33.904
"GXChain","201706",8.814,167.234,48.276
"GXChain","201707",12.861,244.02,70.443
"GXChain","201708",14.136,268.212,77.426
"GXChain","201709",22.711,430.911,124.393
"GXChain","201710",7.392,140.253,40.488
"GXChain","201711",9.152,173.647,50.128
"GXChain","201712",12.859,243.982,70.432
"GXChain","201801",14.601,277.034,79.973
"GXChain","201802",6.249,118.566,34.227
"GXChain","201803",7.12,135.093,38.998
"GXChain","201804",6.216,117.94,34.046
"GXChain","201805",5.756,109.212,31.527
"GXChain","201806",3.5,66.408,19.17
"GXChain","201807",5.698,108.112,31.209
"GXChain","201808",5.701,108.169,31.226
"GXChain","201809",7.121,135.111,39.003
"GXChain","201810",4.743,89.992,25.978
"GXChain","201811",6.249,118.566,34.227
"Ravencoin","201803",19.482,369.645,106.707
"Ravencoin","201804",6.586,124.961,36.073
"Ravencoin","201805",9.562,181.426,52.373
"Ravencoin","201806",6.336,120.217,34.704
"Ravencoin","201807",7.389,140.196,40.471
"Ravencoin","201808",10.267,194.803,56.235
"Ravencoin","201809",3.81,72.29,20.868
"Ravencoin","201810",13.587,257.795,74.419
"Ravencoin","201811",8.827,167.481,48.347
"Wanchain","201803",7.633,144.826,41.808
"Wanchain","201804",10.703,203.075,58.623
"Wanchain","201805",7.018,133.157,38.439
"Wanchain","201806",6.886,130.653,37.716
"Wanchain","201807",7.021,133.214,38.456
"Wanchain","201808",10.937,207.515,59.904
"Wanchain","201809",6.986,132.55,38.264
"Wanchain","201810",4.986,94.603,27.309
"Wanchain","201811",7.504,142.378,41.101
"Ark","201703",27.343,518.797,149.764
"Ark","201704",17.861,338.889,97.829
"Ark","201705",11.005,208.805,60.277
"Ark","201706",14.261,270.583,78.111
"Ark","201707",13.655,259.085,74.792
"Ark","201708",18.951,359.57,103.799
"Ark","201709",9.044,171.598,49.536
"Ark","201710",6.364,120.748,34.857
"Ark","201711",8.212,155.812,44.979
"Ark","201712",11.188,212.277,61.279
"Ark","201801",10.673,202.506,58.458
"Ark","201802",9.555,181.293,52.335
"Ark","201803",6.941,131.696,38.017
"Ark","201804",7.35,139.456,40.258
"Ark","201805",5.143,97.582,28.169
"Ark","201806",5.191,98.492,28.432
"Ark","201807",6.321,119.933,34.622
"Ark","201808",7.248,137.521,39.699
"Ark","201809",5.616,106.556,30.76
"Ark","201810",3.763,71.398,20.611
"Ark","201811",7.602,144.238,41.638
"MobileGo","201706",19.058,361.6,104.385
"MobileGo","201707",13.889,263.525,76.073
"MobileGo","201708",11.397,216.243,62.424
"MobileGo","201709",7.898,149.854,43.259
"MobileGo","201710",5.592,106.101,30.629
"MobileGo","201711",13.034,247.303,71.39
"MobileGo","201712",13.064,247.872,71.554
"MobileGo","201801",10.114,191.9,55.397
"MobileGo","201802",8.763,166.266,47.997
"MobileGo","201803",8.491,161.105,46.507
"MobileGo","201804",11.894,225.673,65.146
"MobileGo","201805",6.262,118.813,34.298
"MobileGo","201806",3.784,71.796,20.726
"MobileGo","201807",9.003,170.82,49.311
"MobileGo","201808",14.915,282.992,81.693
"MobileGo","201809",8.366,158.734,45.822
"MobileGo","201810",8.596,163.098,47.082
"MobileGo","201811",7.077,134.277,38.762
"Gemini Dollar","201810",0.704,13.357,3.856
"Gemini Dollar","201811",0.878,16.659,4.809
"Elastos","201802",14.128,268.06,77.382
"Elastos","201803",7.44,141.164,40.751
"Elastos","201804",9.267,175.829,50.757
"Elastos","201805",6.461,122.589,35.388
"Elastos","201806",6.071,115.189,33.252
"Elastos","201807",6.366,120.786,34.868
"Elastos","201808",11.051,209.678,60.529
"Elastos","201809",5.08,96.386,27.824
"Elastos","201810",6.147,116.631,33.669
"Elastos","201811",9.172,174.026,50.237
"Aion","201710",34.156,648.065,187.08
"Aion","201711",19.056,361.562,104.374
"Aion","201712",23.537,446.583,128.917
"Aion","201801",16.089,305.267,88.123
"Aion","201802",11.077,210.171,60.671
"Aion","201803",7.831,148.583,42.892
"Aion","201804",7.198,136.572,39.425
"Aion","201805",5.044,95.703,27.627
"Aion","201806",6.485,123.044,35.52
"Aion","201807",6.816,129.325,37.333
"Aion","201808",9.673,183.532,52.981
"Aion","201809",6.031,114.43,33.033
"Aion","201810",5.489,104.146,30.064
"Aion","201811",8.658,164.274,47.422
"PIVX","201602",34.764,659.601,190.41
"PIVX","201603",22.011,417.629,120.559
"PIVX","201604",14.332,271.931,78.5
"PIVX","201605",10.277,194.992,56.289
"PIVX","201606",7.484,141.999,40.992
"PIVX","201607",6.908,131.07,37.837
"PIVX","201608",11.103,210.665,60.814
"PIVX","201609",6.207,117.77,33.997
"PIVX","201610",10.843,205.731,59.39
"PIVX","201611",14.257,270.508,78.089
"PIVX","201612",23.76,450.814,130.139
"PIVX","201701",13.68,259.56,74.928
"PIVX","201702",13.737,260.641,75.241
"PIVX","201703",25.004,474.418,136.953
"PIVX","201704",12.818,243.204,70.207
"PIVX","201705",13.275,251.875,72.71
"PIVX","201706",7.861,149.152,43.056
"PIVX","201707",9.698,184.007,53.118
"PIVX","201708",8.527,161.788,46.704
"PIVX","201709",9.362,177.631,51.278
"PIVX","201710",7.664,145.414,41.977
"PIVX","201711",7.443,141.221,40.767
"PIVX","201712",13.343,253.166,73.083
"PIVX","201801",11.195,212.41,61.318
"PIVX","201802",8.071,153.136,44.207
"PIVX","201803",6.436,122.115,35.251
"PIVX","201804",5.603,106.309,30.689
"PIVX","201805",4.412,83.712,24.166
"PIVX","201806",5.713,108.397,31.291
"PIVX","201807",5.509,104.526,30.174
"PIVX","201808",7.126,135.206,39.031
"PIVX","201809",6.579,124.828,36.035
"PIVX","201810",4.03,76.464,22.073
"PIVX","201811",7.265,137.844,39.792
"ReddCoin","201402",27.231,516.672,149.15
"ReddCoin","201403",18.574,352.417,101.734
"ReddCoin","201404",35.771,678.707,195.926
"ReddCoin","201405",14.39,273.031,78.817
"ReddCoin","201406",16.026,304.072,87.778
"ReddCoin","201407",15.537,294.794,85.1
"ReddCoin","201408",11.622,220.512,63.656
"ReddCoin","201409",9.852,186.929,53.962
"ReddCoin","201410",6.083,115.417,33.318
"ReddCoin","201411",8.96,170.004,49.076
"ReddCoin","201412",10.144,192.469,55.561
"ReddCoin","201501",63.083,1196.916,345.52
"ReddCoin","201502",7.833,148.621,42.903
"ReddCoin","201503",10.128,192.165,55.473
"ReddCoin","201504",10.778,204.498,59.034
"ReddCoin","201505",15.141,287.28,82.931
"ReddCoin","201506",13.649,258.972,74.759
"ReddCoin","201507",12.882,244.419,70.558
"ReddCoin","201508",11.633,220.721,63.717
"ReddCoin","201509",7.842,148.791,42.952
"ReddCoin","201510",13.48,255.765,73.833
"ReddCoin","201511",15.873,301.169,86.94
"ReddCoin","201512",11.385,216.015,62.358
"ReddCoin","201601",13.182,250.111,72.201
"ReddCoin","201602",10.43,197.895,57.127
"ReddCoin","201603",9.445,179.206,51.732
"ReddCoin","201604",12.996,246.582,71.182
"ReddCoin","201605",7.796,147.919,42.7
"ReddCoin","201606",8.732,165.678,47.827
"ReddCoin","201607",9.089,172.452,49.783
"ReddCoin","201608",12.633,239.694,69.194
"ReddCoin","201609",6.808,129.173,37.289
"ReddCoin","201610",7.513,142.549,41.15
"ReddCoin","201611",8.7,165.071,47.652
"ReddCoin","201612",17.555,333.083,96.153
"ReddCoin","201701",23.042,437.191,126.206
"ReddCoin","201702",20.595,390.763,112.803
"ReddCoin","201703",29.817,565.738,163.314
"ReddCoin","201704",11.176,212.05,61.213
"ReddCoin","201705",58.871,1116.999,322.45
"ReddCoin","201706",14.87,282.138,81.446
"ReddCoin","201707",12.107,229.714,66.313
"ReddCoin","201708",16.646,315.836,91.174
"ReddCoin","201709",9.906,187.953,54.257
"ReddCoin","201710",10.209,193.702,55.917
"ReddCoin","201711",9.333,177.081,51.119
"ReddCoin","201712",35.009,664.249,191.752
"ReddCoin","201801",17.649,334.866,96.668
"ReddCoin","201802",11.779,223.491,64.516
"ReddCoin","201803",6.561,124.486,35.936
"ReddCoin","201804",8.505,161.371,46.584
"ReddCoin","201805",6.317,119.857,34.6
"ReddCoin","201806",7.249,137.54,39.704
"ReddCoin","201807",4.729,89.726,25.902
"ReddCoin","201808",8.778,166.551,48.079
"ReddCoin","201809",7.053,133.821,38.631
"ReddCoin","201810",4.804,91.149,26.313
"ReddCoin","201811",7.658,145.3,41.945
"SIRIN LABS Token","201712",14.81,281,81.118
"SIRIN LABS Token","201801",14.374,272.727,78.73
"SIRIN LABS Token","201802",9.256,175.62,50.697
"SIRIN LABS Token","201803",7.728,146.628,42.328
"SIRIN LABS Token","201804",7.936,150.575,43.467
"SIRIN LABS Token","201805",6.388,121.204,34.989
"SIRIN LABS Token","201806",6.974,132.322,38.198
"SIRIN LABS Token","201807",4.869,92.383,26.669
"SIRIN LABS Token","201808",6.584,124.923,36.062
"SIRIN LABS Token","201809",6.803,129.078,37.262
"SIRIN LABS Token","201810",5.071,96.215,27.775
"SIRIN LABS Token","201811",11.551,219.165,63.267
"HyperCash","201708",24.864,471.761,136.186
"HyperCash","201709",26.156,496.275,143.262
"HyperCash","201710",7.838,148.716,42.93
"HyperCash","201711",11.218,212.847,61.444
"HyperCash","201712",13.321,252.748,72.962
"HyperCash","201801",11.786,223.624,64.555
"HyperCash","201802",9.303,176.512,50.955
"HyperCash","201803",6.829,129.571,37.404
"HyperCash","201804",10.523,199.66,57.637
"HyperCash","201805",6.636,125.909,36.347
"HyperCash","201806",5.291,100.39,28.98
"HyperCash","201807",4.806,91.187,26.324
"HyperCash","201808",7.883,149.569,43.177
"HyperCash","201809",12.221,231.877,66.937
"HyperCash","201810",4.461,84.642,24.434
"HyperCash","201811",6.61,125.416,36.204
"Bancor","201706",24.931,473.032,136.553
"Bancor","201707",9.615,182.432,52.664
"Bancor","201708",4.279,81.188,23.437
"Bancor","201709",7.659,145.319,41.95
"Bancor","201710",3.219,61.076,17.631
"Bancor","201711",5.217,98.986,28.575
"Bancor","201712",9.338,177.176,51.146
"Bancor","201801",8.424,159.834,46.14
"Bancor","201802",7.381,140.045,40.427
"Bancor","201803",4.341,82.365,23.777
"Bancor","201804",5.759,109.269,31.543
"Bancor","201805",5.385,102.173,29.495
"Bancor","201806",4.785,90.789,26.209
"Bancor","201807",4.988,94.641,27.32
"Bancor","201808",4.319,81.947,23.656
"Bancor","201809",5.779,109.649,31.653
"Bancor","201810",2.947,55.915,16.141
"Bancor","201811",6.06,114.98,33.192
"Polymath","201802",16.557,314.147,90.686
"Polymath","201803",7.045,133.669,38.587
"Polymath","201804",9.352,177.442,51.223
"Polymath","201805",9.173,174.045,50.243
"Polymath","201806",7.074,134.22,38.746
"Polymath","201807",7.147,135.605,39.146
"Polymath","201808",8.29,157.292,45.406
"Polymath","201809",6.074,115.246,33.269
"Polymath","201810",4.933,93.597,27.019
"Polymath","201811",7.166,135.965,39.25
"Mithril","201803",56.423,1070.551,309.041
"Mithril","201804",31.372,595.242,171.832
"Mithril","201805",7.8,147.995,42.722
"Mithril","201806",7.784,147.691,42.635
"Mithril","201807",9.035,171.427,49.487
"Mithril","201808",4.541,86.159,24.872
"Mithril","201809",5.354,101.585,29.325
"Mithril","201810",3.934,74.642,21.547
"Mithril","201811",7.508,142.454,41.123
"Centrality","201803",15.57,295.42,85.28
"Centrality","201804",10.041,190.515,54.997
"Centrality","201805",6.135,116.403,33.603
"Centrality","201806",12.527,237.683,68.613
"Centrality","201807",5.873,111.432,32.168
"Centrality","201808",5.73,108.719,31.385
"Centrality","201809",7.532,142.91,41.254
"Centrality","201810",6.654,126.251,36.445
"Centrality","201811",11.495,218.102,62.961
"Linkey","201808",4.239,80.429,23.218
"Linkey","201809",4.212,79.917,23.07
"Linkey","201810",4.611,87.488,25.255
"Linkey","201811",6.229,118.187,34.118
"CyberMiles","201712",12.633,239.694,69.194
"CyberMiles","201801",17.647,334.828,96.657
"CyberMiles","201802",9.725,184.519,53.266
"CyberMiles","201803",6.681,126.763,36.593
"CyberMiles","201804",7.791,147.824,42.673
"CyberMiles","201805",9.626,182.641,52.724
"CyberMiles","201806",7.154,135.738,39.184
"CyberMiles","201807",7.658,145.3,41.945
"CyberMiles","201808",9.264,175.772,50.741
"CyberMiles","201809",5.782,109.706,31.669
"CyberMiles","201810",6.484,123.025,35.514
"CyberMiles","201811",7.428,140.936,40.685
"DigixDAO","201604",22.347,424.005,122.4
"DigixDAO","201605",12.212,231.706,66.888
"DigixDAO","201606",9.578,181.73,52.461
"DigixDAO","201607",4.095,77.697,22.429
"DigixDAO","201608",5.604,106.328,30.694
"DigixDAO","201609",8.528,161.807,46.71
"DigixDAO","201610",3.752,71.189,20.551
"DigixDAO","201611",6.25,118.585,34.233
"DigixDAO","201612",5.6,106.253,30.672
"DigixDAO","201701",5.448,103.369,29.84
"DigixDAO","201702",9.252,175.544,50.675
"DigixDAO","201703",11.578,219.677,63.415
"DigixDAO","201704",5.54,105.114,30.344
"DigixDAO","201705",11.112,210.835,60.863
"DigixDAO","201706",5.831,110.635,31.938
"DigixDAO","201707",9.018,171.105,49.394
"DigixDAO","201708",5.477,103.919,29.999
"DigixDAO","201709",10.349,196.358,56.684
"DigixDAO","201710",5.412,102.685,29.643
"DigixDAO","201711",7.217,136.933,39.529
"DigixDAO","201712",9.883,187.517,54.131
"DigixDAO","201801",8.451,160.346,46.288
"DigixDAO","201802",20.091,381.2,110.043
"DigixDAO","201803",7.674,145.604,42.032
"DigixDAO","201804",5.213,98.91,28.553
"DigixDAO","201805",5.799,110.028,31.762
"DigixDAO","201806",7.764,147.312,42.525
"DigixDAO","201807",3.799,72.081,20.808
"DigixDAO","201808",6.352,120.521,34.791
"DigixDAO","201809",6.441,122.209,35.279
"DigixDAO","201810",5.769,109.459,31.598
"DigixDAO","201811",6.141,116.517,33.636
"aelf","201712",16.374,310.675,89.684
"aelf","201801",16.079,305.078,88.068
"aelf","201802",9.049,171.693,49.563
"aelf","201803",8.531,161.864,46.726
"aelf","201804",11.693,221.859,64.045
"aelf","201805",6.658,126.327,36.467
"aelf","201806",6.811,129.23,37.305
"aelf","201807",8.055,152.833,44.119
"aelf","201808",9.114,172.926,49.919
"aelf","201809",5.99,113.652,32.809
"aelf","201810",4.149,78.722,22.725
"aelf","201811",8.635,163.838,47.296
"Crypto.com","201707",16.074,304.983,88.041
"Crypto.com","201708",39.851,756.12,218.273
"Crypto.com","201709",14.395,273.126,78.845
"Crypto.com","201710",9.206,174.672,50.423
"Crypto.com","201711",10.121,192.032,55.435
"Crypto.com","201712",19.466,369.341,106.62
"Crypto.com","201801",9.476,179.794,51.902
"Crypto.com","201802",10.363,196.624,56.76
"Crypto.com","201803",7.902,149.93,43.281
"Crypto.com","201804",13.286,252.084,72.77
"Crypto.com","201805",6.36,120.673,34.835
"Crypto.com","201806",8.434,160.024,46.195
"Crypto.com","201807",6.882,130.577,37.694
"Crypto.com","201808",4.792,90.922,26.247
"Crypto.com","201809",5.934,112.59,32.502
"Crypto.com","201810",5.042,95.665,27.616
"Crypto.com","201811",6.739,127.864,36.911
